Daily rainfall(in mm) trends for Chhattisgarh from 01-Jan-2014 to 31-Dec-2023,,
,,
Dates,NORMAL (mm) ,ACTUAL (mm) 
01-Jan-14,0.24,0
02-Jan-14,0.32,0
03-Jan-14,0.37,0
04-Jan-14,0.3,0
05-Jan-14,0.46,0.02
06-Jan-14,0.73,0.24
07-Jan-14,0.25,0
08-Jan-14,0.23,0
09-Jan-14,0.21,0
10-Jan-14,0.24,0.01
11-Jan-14,0.88,0.33
12-Jan-14,0.54,0.54
13-Jan-14,0.43,0
14-Jan-14,0.4,0
15-Jan-14,0.43,0
16-Jan-14,0.42,0.09
17-Jan-14,0.11,0
18-Jan-14,0.14,0.02
19-Jan-14,0.15,0.98
20-Jan-14,0.37,0
21-Jan-14,0.77,0
22-Jan-14,0.67,0
23-Jan-14,0.4,0
24-Jan-14,0.22,0
25-Jan-14,0.38,0
26-Jan-14,0.29,0
27-Jan-14,0.62,0
28-Jan-14,0.93,0
29-Jan-14,0.7,0
30-Jan-14,0.66,0
31-Jan-14,0.42,0
01-Feb-14,0.74,0
02-Feb-14,0.34,0
03-Feb-14,0.3,0
04-Feb-14,0.43,0
05-Feb-14,0.39,0
06-Feb-14,0.56,0
07-Feb-14,0.6,0
08-Feb-14,0.44,0
09-Feb-14,0.32,0
10-Feb-14,0.56,0
11-Feb-14,0.27,0
12-Feb-14,0.54,0
13-Feb-14,0.35,0
14-Feb-14,0.56,0.25
15-Feb-14,0.64,3.44
16-Feb-14,0.4,3.78
17-Feb-14,0.36,1
18-Feb-14,0.53,0
19-Feb-14,1.14,0
20-Feb-14,0.42,0
21-Feb-14,0.62,0
22-Feb-14,0.87,0
23-Feb-14,0.7,3.34
24-Feb-14,0.43,5.62
25-Feb-14,0.58,0
26-Feb-14,0.33,1.36
27-Feb-14,0.62,1.66
28-Feb-14,0.7,11.25
01-Mar-14,0.46,5.12
02-Mar-14,0.61,6.29
03-Mar-14,0.54,1.77
04-Mar-14,0.54,2.93
05-Mar-14,0.19,1.9
06-Mar-14,0.23,0
07-Mar-14,0.2,0.95
08-Mar-14,0.24,0.17
09-Mar-14,0.22,1.81
10-Mar-14,0.23,2.02
11-Mar-14,0.55,0.23
12-Mar-14,0.61,0.04
13-Mar-14,0.35,1.93
14-Mar-14,0.23,0.19
15-Mar-14,0.22,0.94
16-Mar-14,0.37,0.18
17-Mar-14,0.46,0
18-Mar-14,0.33,0
19-Mar-14,0.26,0.27
20-Mar-14,0.6,0.01
21-Mar-14,0.53,0
22-Mar-14,0.6,0
23-Mar-14,0.8,0
24-Mar-14,0.24,0
25-Mar-14,0.82,0
26-Mar-14,1.02,0
27-Mar-14,0.83,0
28-Mar-14,0.5,0
29-Mar-14,0.83,0
30-Mar-14,0.88,0
31-Mar-14,0.73,0
01-Apr-14,0.51,0
02-Apr-14,0.48,0
03-Apr-14,0.52,0
04-Apr-14,0.42,0
05-Apr-14,0.5,0
06-Apr-14,0.78,0
07-Apr-14,0.55,0
08-Apr-14,0.54,0
09-Apr-14,0.5,0.04
10-Apr-14,0.56,0.04
11-Apr-14,0.39,0
12-Apr-14,0.57,0
13-Apr-14,0.2,0.12
14-Apr-14,0.24,1.92
15-Apr-14,0.4,3.15
16-Apr-14,0.37,0.38
17-Apr-14,0.36,2.45
18-Apr-14,0.8,1.66
19-Apr-14,1.06,0.54
20-Apr-14,0.57,1.54
21-Apr-14,0.37,0
22-Apr-14,0.36,0.05
23-Apr-14,0.49,0.41
24-Apr-14,0.54,0
25-Apr-14,0.46,0
26-Apr-14,0.38,0
27-Apr-14,0.49,0
28-Apr-14,0.25,0.02
29-Apr-14,0.37,0.04
30-Apr-14,0.59,1.33
01-May-14,0.61,0.59
02-May-14,0.48,0.4
03-May-14,0.64,0.07
04-May-14,0.58,0.01
05-May-14,0.7,1.16
06-May-14,0.75,0.5
07-May-14,0.49,0.14
08-May-14,0.53,0.03
09-May-14,0.36,1.63
10-May-14,0.43,4.32
11-May-14,0.61,0.06
12-May-14,0.63,0
13-May-14,1.07,0.03
14-May-14,0.89,0.11
15-May-14,0.8,0.19
16-May-14,0.89,0
17-May-14,0.62,0
18-May-14,0.74,0.01
19-May-14,0.82,1.51
20-May-14,0.41,0.36
21-May-14,0.53,0
22-May-14,0.43,0.07
23-May-14,0.62,0
24-May-14,0.67,0
25-May-14,0.65,0.09
26-May-14,0.67,3.62
27-May-14,0.5,15.3
28-May-14,0.68,2.88
29-May-14,1.14,0.1
30-May-14,1.19,0
31-May-14,0.72,0.47
01-Jun-14,1.24,0.46
02-Jun-14,1.57,0.6
03-Jun-14,2.58,2.42
04-Jun-14,3.29,0.73
05-Jun-14,2.52,0.36
06-Jun-14,2.85,0.15
07-Jun-14,2.95,0
08-Jun-14,2.41,0.89
09-Jun-14,3.49,0.18
10-Jun-14,4.05,0.55
11-Jun-14,5,0.26
12-Jun-14,4.87,0.12
13-Jun-14,4.47,0.02
14-Jun-14,4.32,0.32
15-Jun-14,5.08,5.12
16-Jun-14,4.97,2.38
17-Jun-14,5.64,2.27
18-Jun-14,5.1,8.51
19-Jun-14,6.57,6.26
20-Jun-14,7.37,17.21
21-Jun-14,7.66,16.17
22-Jun-14,7.91,4.55
23-Jun-14,8.33,0.43
24-Jun-14,10.03,0.25
25-Jun-14,10.06,0.4
26-Jun-14,11.14,4.7
27-Jun-14,12.42,16.23
28-Jun-14,12.07,12.93
29-Jun-14,9.33,3.38
30-Jun-14,10.73,1.14
01-Jul-14,11.72,3.08
02-Jul-14,11.2,0.39
03-Jul-14,12.39,0.93
04-Jul-14,12.59,4.35
05-Jul-14,13.44,8.83
06-Jul-14,11.63,2.81
07-Jul-14,11.42,5.16
08-Jul-14,13,3.8
09-Jul-14,10.68,6.13
10-Jul-14,10.36,3.61
11-Jul-14,12.23,19.88
12-Jul-14,13.42,17.95
13-Jul-14,12.21,8.52
14-Jul-14,10.65,15.69
15-Jul-14,11.43,18.52
16-Jul-14,12.65,18.74
17-Jul-14,11.63,2.96
18-Jul-14,11.06,3.9
19-Jul-14,12.29,16.03
20-Jul-14,12.24,15.7
21-Jul-14,11.17,52.29
22-Jul-14,10.36,94.51
23-Jul-14,10.5,14.05
24-Jul-14,11.86,0.94
25-Jul-14,11.96,2.55
26-Jul-14,14.45,5.7
27-Jul-14,13.41,9.02
28-Jul-14,13.39,13.62
29-Jul-14,10.95,14.46
30-Jul-14,11.85,20.32
31-Jul-14,10.26,25.15
01-Aug-14,13.73,11.35
02-Aug-14,13.96,11.68
03-Aug-14,13.36,19.27
04-Aug-14,15.43,37.04
05-Aug-14,12.39,56.19
06-Aug-14,10.92,29.33
07-Aug-14,13.15,0.63
08-Aug-14,13.54,1.26
09-Aug-14,13.99,4.22
10-Aug-14,12.13,20.54
11-Aug-14,10.92,16.79
12-Aug-14,11.96,10.08
13-Aug-14,12.97,5.01
14-Aug-14,14.43,11.86
15-Aug-14,14.56,3.32
16-Aug-14,13.98,3.56
17-Aug-14,12.05,3.88
18-Aug-14,10.23,3.87
19-Aug-14,9.71,2.84
20-Aug-14,11.73,2.61
21-Aug-14,11.5,4.4
22-Aug-14,13.86,5.25
23-Aug-14,12.38,13.6
24-Aug-14,7.92,1.55
25-Aug-14,9.18,3.06
26-Aug-14,7.98,1.6
27-Aug-14,9.68,4.46
28-Aug-14,10.59,11.5
29-Aug-14,9.67,5.82
30-Aug-14,9.67,11
31-Aug-14,8.69,14.9
01-Sep-14,7.45,18.04
02-Sep-14,8.25,26.57
03-Sep-14,10.38,12.87
04-Sep-14,10.82,13.58
05-Sep-14,9.59,8.48
06-Sep-14,8,21.45
07-Sep-14,8.76,39.51
08-Sep-14,9.72,7.16
09-Sep-14,9.44,1.82
10-Sep-14,9,3.31
11-Sep-14,10.47,2.94
12-Sep-14,11.64,3.86
13-Sep-14,11.19,4.34
14-Sep-14,8.75,4.43
15-Sep-14,7.64,8.15
16-Sep-14,6.63,9.93
17-Sep-14,6.82,1.94
18-Sep-14,5.72,0.63
19-Sep-14,5.57,6.49
20-Sep-14,5.14,18.85
21-Sep-14,5.94,23.09
22-Sep-14,7.36,4.85
23-Sep-14,7.91,0.82
24-Sep-14,6.96,0.27
25-Sep-14,5.48,0
26-Sep-14,4.76,0.22
27-Sep-14,5.03,0
28-Sep-14,4.19,0.16
29-Sep-14,3.2,0.21
30-Sep-14,3.58,0.15
01-Oct-14,4.93,0.01
02-Oct-14,4.35,0.08
03-Oct-14,3.64,0.01
04-Oct-14,4.05,0.16
05-Oct-14,3.33,0.13
06-Oct-14,2.52,0.25
07-Oct-14,2.73,1.25
08-Oct-14,2.95,0.31
09-Oct-14,3.35,1
10-Oct-14,2.39,0.34
11-Oct-14,1.82,0.59
12-Oct-14,2.24,1.31
13-Oct-14,1.75,28.78
14-Oct-14,1.88,32.08
15-Oct-14,1.37,0.41
16-Oct-14,1.18,1.26
17-Oct-14,1.03,1.33
18-Oct-14,1.73,0.4
19-Oct-14,1.79,0.08
20-Oct-14,2.47,0.2
21-Oct-14,2.41,0.01
22-Oct-14,1.58,0.23
23-Oct-14,1.48,0
24-Oct-14,1.89,0
25-Oct-14,1.8,0
26-Oct-14,1,0.61
27-Oct-14,0.66,2.46
28-Oct-14,1.05,0.07
29-Oct-14,1.01,0
30-Oct-14,1.25,0
31-Oct-14,0.46,0
01-Nov-14,0.32,0
02-Nov-14,0.44,0
03-Nov-14,0.49,0
04-Nov-14,0.68,0
05-Nov-14,0.55,0
06-Nov-14,0.43,0
07-Nov-14,0.41,0
08-Nov-14,0.24,0
09-Nov-14,0.15,0
10-Nov-14,0.29,0.04
11-Nov-14,0.27,0
12-Nov-14,0.29,0.31
13-Nov-14,0.21,2.7
14-Nov-14,0.15,0.26
15-Nov-14,0.31,0
16-Nov-14,0.12,0
17-Nov-14,0.08,0
18-Nov-14,0.19,0
19-Nov-14,0.67,0.04
20-Nov-14,0.48,0
21-Nov-14,0.45,0
22-Nov-14,0.23,0
23-Nov-14,0.26,0
24-Nov-14,0.47,0
25-Nov-14,0.48,0
26-Nov-14,0.56,0
27-Nov-14,0.45,0
28-Nov-14,0.31,0
29-Nov-14,0.14,0
30-Nov-14,0.27,0
01-Dec-14,0.23,0
02-Dec-14,0.32,0
03-Dec-14,0.08,0
04-Dec-14,0.09,0
05-Dec-14,0.34,0
06-Dec-14,0.23,0
07-Dec-14,0.02,0
08-Dec-14,0.06,0
09-Dec-14,0.12,0
10-Dec-14,0.13,0
11-Dec-14,0.42,0
12-Dec-14,0.29,0
13-Dec-14,0.18,0
14-Dec-14,0.29,0
15-Dec-14,0.17,0.22
16-Dec-14,0.05,0.73
17-Dec-14,0.12,0
18-Dec-14,0.09,0
19-Dec-14,0.18,0
20-Dec-14,0.03,0
21-Dec-14,0.04,0
22-Dec-14,0.03,0
23-Dec-14,0.03,0
24-Dec-14,0.17,0
25-Dec-14,0.32,0
26-Dec-14,0.26,0
27-Dec-14,0.1,0
28-Dec-14,0.13,0
29-Dec-14,0.07,0
30-Dec-14,0.05,0
31-Dec-14,0.09,0.21
01-Jan-15,0.24,1.09
02-Jan-15,0.32,1.86
03-Jan-15,0.37,2.11
04-Jan-15,0.3,7.21
05-Jan-15,0.46,0.05
06-Jan-15,0.73,0
07-Jan-15,0.25,0
08-Jan-15,0.23,0
09-Jan-15,0.21,0
10-Jan-15,0.24,0
11-Jan-15,0.88,0
12-Jan-15,0.54,0
13-Jan-15,0.43,0
14-Jan-15,0.4,0
15-Jan-15,0.43,0
16-Jan-15,0.42,0
17-Jan-15,0.11,0
18-Jan-15,0.14,0
19-Jan-15,0.15,0
20-Jan-15,0.37,0
21-Jan-15,0.77,0
22-Jan-15,0.67,0
23-Jan-15,0.4,0
24-Jan-15,0.22,0
25-Jan-15,0.38,0
26-Jan-15,0.29,0
27-Jan-15,0.62,0
28-Jan-15,0.93,0.01
29-Jan-15,0.7,0.49
30-Jan-15,0.66,0.56
31-Jan-15,0.42,0
01-Feb-15,0.74,0
02-Feb-15,0.34,0
03-Feb-15,0.3,0
04-Feb-15,0.43,0.01
05-Feb-15,0.39,0
06-Feb-15,0.56,0
07-Feb-15,0.6,0
08-Feb-15,0.44,0
09-Feb-15,0.32,0.17
10-Feb-15,0.56,0.05
11-Feb-15,0.27,0.02
12-Feb-15,0.54,0.52
13-Feb-15,0.35,0.11
14-Feb-15,0.56,0
15-Feb-15,0.64,0
16-Feb-15,0.4,0
17-Feb-15,0.36,0
18-Feb-15,0.53,0
19-Feb-15,1.14,0
20-Feb-15,0.42,0
21-Feb-15,0.62,0.15
22-Feb-15,0.87,0
23-Feb-15,0.7,0
24-Feb-15,0.43,0
25-Feb-15,0.58,0
26-Feb-15,0.33,0.02
27-Feb-15,0.62,0
28-Feb-15,0.7,0.01
01-Mar-15,0.46,0.19
02-Mar-15,0.61,7.02
03-Mar-15,0.54,3.06
04-Mar-15,0.54,2.65
05-Mar-15,0.19,0.01
06-Mar-15,0.23,0.01
07-Mar-15,0.2,0
08-Mar-15,0.24,0
09-Mar-15,0.22,0.04
10-Mar-15,0.23,0.12
11-Mar-15,0.55,0.1
12-Mar-15,0.61,0
13-Mar-15,0.35,0
14-Mar-15,0.23,0.05
15-Mar-15,0.22,0
16-Mar-15,0.37,0.54
17-Mar-15,0.46,0.88
18-Mar-15,0.33,0.02
19-Mar-15,0.26,0.01
20-Mar-15,0.6,0.07
21-Mar-15,0.53,0
22-Mar-15,0.6,0
23-Mar-15,0.8,0
24-Mar-15,0.24,0
25-Mar-15,0.82,0
26-Mar-15,1.02,0
27-Mar-15,0.83,0.01
28-Mar-15,0.5,0.73
29-Mar-15,0.83,0
30-Mar-15,0.88,0.65
31-Mar-15,0.73,0.8
01-Apr-15,0.51,0
02-Apr-15,0.48,0
03-Apr-15,0.52,0
04-Apr-15,0.42,0
05-Apr-15,0.5,0.01
06-Apr-15,0.78,0.02
07-Apr-15,0.55,0.01
08-Apr-15,0.54,0.58
09-Apr-15,0.5,6.26
10-Apr-15,0.56,1.05
11-Apr-15,0.39,1.68
12-Apr-15,0.57,4.18
13-Apr-15,0.2,0.41
14-Apr-15,0.24,6.59
15-Apr-15,0.4,4.62
16-Apr-15,0.37,2.24
17-Apr-15,0.36,0.49
18-Apr-15,0.8,0.1
19-Apr-15,1.06,0
20-Apr-15,0.57,0
21-Apr-15,0.37,0
22-Apr-15,0.36,0.17
23-Apr-15,0.49,0.01
24-Apr-15,0.54,2.84
25-Apr-15,0.46,3.24
26-Apr-15,0.38,4.83
27-Apr-15,0.49,3.9
28-Apr-15,0.25,0.1
29-Apr-15,0.37,1.6
30-Apr-15,0.59,0.38
01-May-15,0.61,0.05
02-May-15,0.48,1.27
03-May-15,0.64,1.1
04-May-15,0.58,2.43
05-May-15,0.7,0.01
06-May-15,0.75,0.14
07-May-15,0.49,0.14
08-May-15,0.53,0
09-May-15,0.36,0.19
10-May-15,0.43,0.04
11-May-15,0.61,0.1
12-May-15,0.63,0.01
13-May-15,1.07,0.15
14-May-15,0.89,2.17
15-May-15,0.8,0.48
16-May-15,0.89,4.42
17-May-15,0.62,1.06
18-May-15,0.74,0.02
19-May-15,0.82,0.03
20-May-15,0.41,0
21-May-15,0.53,0
22-May-15,0.43,0
23-May-15,0.62,0
24-May-15,0.67,0.01
25-May-15,0.65,0
26-May-15,0.67,0.02
27-May-15,0.5,0.19
28-May-15,0.68,0
29-May-15,1.14,0.02
30-May-15,1.19,0
31-May-15,0.72,0
01-Jun-15,1.24,7.36
02-Jun-15,1.57,0.05
03-Jun-15,2.58,2.43
04-Jun-15,3.29,1.79
05-Jun-15,2.52,2.37
06-Jun-15,2.85,13.25
07-Jun-15,2.95,1.7
08-Jun-15,2.41,0.37
09-Jun-15,3.49,0.16
10-Jun-15,4.05,0.71
11-Jun-15,5,0.04
12-Jun-15,4.87,13
13-Jun-15,4.47,3.52
14-Jun-15,4.32,20.29
15-Jun-15,5.08,12.73
16-Jun-15,4.97,13.67
17-Jun-15,5.64,8.06
18-Jun-15,5.1,2.23
19-Jun-15,6.57,8.89
20-Jun-15,7.37,15.18
21-Jun-15,7.66,35.66
22-Jun-15,7.91,40.37
23-Jun-15,8.33,28.06
24-Jun-15,10.03,7
25-Jun-15,10.06,0.54
26-Jun-15,11.14,4.63
27-Jun-15,12.42,0.78
28-Jun-15,12.07,2.63
29-Jun-15,9.33,9.49
30-Jun-15,10.73,3.91
01-Jul-15,11.72,10.8
02-Jul-15,11.2,5.8
03-Jul-15,12.39,7.3
04-Jul-15,12.59,2.45
05-Jul-15,13.44,2.18
06-Jul-15,11.63,6.17
07-Jul-15,11.42,9.65
08-Jul-15,13,13.28
09-Jul-15,10.68,19.66
10-Jul-15,10.36,27.27
11-Jul-15,12.23,39.35
12-Jul-15,13.42,2.29
13-Jul-15,12.21,3.65
14-Jul-15,10.65,5.76
15-Jul-15,11.43,2.35
16-Jul-15,12.65,19.08
17-Jul-15,11.63,2.75
18-Jul-15,11.06,8.51
19-Jul-15,12.29,6.16
20-Jul-15,12.24,6.72
21-Jul-15,11.17,4.81
22-Jul-15,10.36,7.2
23-Jul-15,10.5,28.13
24-Jul-15,11.86,15.27
25-Jul-15,11.96,2.92
26-Jul-15,14.45,4.75
27-Jul-15,13.41,2.46
28-Jul-15,13.39,0.92
29-Jul-15,10.95,0.12
30-Jul-15,11.85,0.31
31-Jul-15,10.26,1.96
01-Aug-15,13.73,3.88
02-Aug-15,13.96,5.29
03-Aug-15,13.36,29.19
04-Aug-15,15.43,24.06
05-Aug-15,12.39,3.11
06-Aug-15,10.92,0.84
07-Aug-15,13.15,1.52
08-Aug-15,13.54,2.46
09-Aug-15,13.99,5.24
10-Aug-15,12.13,6.84
11-Aug-15,10.92,17.59
12-Aug-15,11.96,10.4
13-Aug-15,12.97,22.33
14-Aug-15,14.43,8.4
15-Aug-15,14.56,3.04
16-Aug-15,13.98,4.7
17-Aug-15,12.05,28.56
18-Aug-15,10.23,13.63
19-Aug-15,9.71,4.82
20-Aug-15,11.73,9.11
21-Aug-15,11.5,1.79
22-Aug-15,13.86,4.89
23-Aug-15,12.38,1.59
24-Aug-15,7.92,3.41
25-Aug-15,9.18,1.57
26-Aug-15,7.98,5.02
27-Aug-15,9.68,19.41
28-Aug-15,10.59,17.3
29-Aug-15,9.67,15.75
30-Aug-15,9.67,11.56
31-Aug-15,8.69,8.53
01-Sep-15,7.45,10.05
02-Sep-15,8.25,10.12
03-Sep-15,10.38,6.71
04-Sep-15,10.82,0.61
05-Sep-15,9.59,1.84
06-Sep-15,8,1.4
07-Sep-15,8.76,0.49
08-Sep-15,9.72,3.51
09-Sep-15,9.44,3.39
10-Sep-15,9,2.59
11-Sep-15,10.47,1.93
12-Sep-15,11.64,3.39
13-Sep-15,11.19,5.67
14-Sep-15,8.75,3.12
15-Sep-15,7.64,15.11
16-Sep-15,6.63,24.86
17-Sep-15,6.82,41.66
18-Sep-15,5.72,2.96
19-Sep-15,5.57,2.48
20-Sep-15,5.14,20.73
21-Sep-15,5.94,33.18
22-Sep-15,7.36,8.73
23-Sep-15,7.91,1.16
24-Sep-15,6.96,1.69
25-Sep-15,5.48,0.01
26-Sep-15,4.76,0.17
27-Sep-15,5.03,0.03
28-Sep-15,4.19,0
29-Sep-15,3.2,0.21
30-Sep-15,3.58,0.39
01-Oct-15,4.93,1.05
02-Oct-15,4.35,0.42
03-Oct-15,3.64,0.31
04-Oct-15,4.05,2.02
05-Oct-15,3.33,0.29
06-Oct-15,2.52,0
07-Oct-15,2.73,0
08-Oct-15,2.95,0.02
09-Oct-15,3.35,0
10-Oct-15,2.39,0
11-Oct-15,1.82,0
12-Oct-15,2.24,0
13-Oct-15,1.75,0
14-Oct-15,1.88,0.17
15-Oct-15,1.37,1.13
16-Oct-15,1.18,1.17
17-Oct-15,1.03,0.02
18-Oct-15,1.73,0
19-Oct-15,1.79,0
20-Oct-15,2.47,0
21-Oct-15,2.41,0
22-Oct-15,1.58,0
23-Oct-15,1.48,0.14
24-Oct-15,1.89,0.1
25-Oct-15,1.8,0
26-Oct-15,1,0
27-Oct-15,0.66,0
28-Oct-15,1.05,0
29-Oct-15,1.01,2.69
30-Oct-15,1.25,6.96
31-Oct-15,0.46,2.32
01-Nov-15,0.32,0.03
02-Nov-15,0.44,0
03-Nov-15,0.49,0
04-Nov-15,0.68,0.24
05-Nov-15,0.55,0
06-Nov-15,0.43,0
07-Nov-15,0.41,0
08-Nov-15,0.24,0
09-Nov-15,0.15,0
10-Nov-15,0.29,0.01
11-Nov-15,0.27,0
12-Nov-15,0.29,0
13-Nov-15,0.21,0
14-Nov-15,0.15,0
15-Nov-15,0.31,0
16-Nov-15,0.12,0
17-Nov-15,0.08,0.1
18-Nov-15,0.19,0.51
19-Nov-15,0.67,0
20-Nov-15,0.48,0
21-Nov-15,0.45,0
22-Nov-15,0.23,0
23-Nov-15,0.26,0
24-Nov-15,0.47,0
25-Nov-15,0.48,0
26-Nov-15,0.56,0
27-Nov-15,0.45,0
28-Nov-15,0.31,0
29-Nov-15,0.14,0
30-Nov-15,0.27,0
01-Dec-15,0.23,0
02-Dec-15,0.32,0.02
03-Dec-15,0.08,0.16
04-Dec-15,0.09,0.13
05-Dec-15,0.34,0
06-Dec-15,0.23,0
07-Dec-15,0.02,0
08-Dec-15,0.06,0
09-Dec-15,0.12,0
10-Dec-15,0.13,0
11-Dec-15,0.42,0
12-Dec-15,0.29,0
13-Dec-15,0.18,0.05
14-Dec-15,0.29,0.35
15-Dec-15,0.17,0.12
16-Dec-15,0.05,0
17-Dec-15,0.12,0.28
18-Dec-15,0.09,0.08
19-Dec-15,0.18,0
20-Dec-15,0.03,0.08
21-Dec-15,0.04,0
22-Dec-15,0.03,0.49
23-Dec-15,0.03,0.16
24-Dec-15,0.17,0.11
25-Dec-15,0.32,0
26-Dec-15,0.26,0
27-Dec-15,0.1,0
28-Dec-15,0.13,0
29-Dec-15,0.07,0
30-Dec-15,0.05,0
31-Dec-15,0.09,0
01-Jan-16,0.24,0
02-Jan-16,0.32,0
03-Jan-16,0.37,0
04-Jan-16,0.3,0
05-Jan-16,0.46,0
06-Jan-16,0.73,0
07-Jan-16,0.25,0
08-Jan-16,0.23,0
09-Jan-16,0.21,0
10-Jan-16,0.24,0
11-Jan-16,0.88,0
12-Jan-16,0.54,0
13-Jan-16,0.43,0
14-Jan-16,0.4,0
15-Jan-16,0.43,0
16-Jan-16,0.42,0
17-Jan-16,0.11,0.15
18-Jan-16,0.14,0.22
19-Jan-16,0.15,0.4
20-Jan-16,0.37,7.11
21-Jan-16,0.77,0.09
22-Jan-16,0.67,0
23-Jan-16,0.4,0
24-Jan-16,0.22,0
25-Jan-16,0.38,0
26-Jan-16,0.29,0
27-Jan-16,0.62,0
28-Jan-16,0.93,0
29-Jan-16,0.7,0
30-Jan-16,0.66,0
31-Jan-16,0.42,0
01-Feb-16,0.74,0
02-Feb-16,0.34,0
03-Feb-16,0.3,0
04-Feb-16,0.43,0
05-Feb-16,0.39,0
06-Feb-16,0.56,0
07-Feb-16,0.6,0
08-Feb-16,0.44,0
09-Feb-16,0.32,0
10-Feb-16,0.56,0
11-Feb-16,0.27,0.05
12-Feb-16,0.54,0.16
13-Feb-16,0.35,0
14-Feb-16,0.56,0.04
15-Feb-16,0.64,0
16-Feb-16,0.4,0.01
17-Feb-16,0.36,0.02
18-Feb-16,0.53,0
19-Feb-16,1.14,0
20-Feb-16,0.42,0
21-Feb-16,0.62,0
22-Feb-16,0.87,0
23-Feb-16,0.7,0
24-Feb-16,0.43,0.04
25-Feb-16,0.58,0
26-Feb-16,0.33,0.1
27-Feb-16,0.62,3.92
28-Feb-16,0.7,0.23
29-Feb-16,0,0.12
01-Mar-16,0.46,1.75
02-Mar-16,0.61,0.19
03-Mar-16,0.54,0
04-Mar-16,0.54,0
05-Mar-16,0.19,0.18
06-Mar-16,0.23,0.38
07-Mar-16,0.2,2.42
08-Mar-16,0.24,0.5
09-Mar-16,0.22,0.31
10-Mar-16,0.23,0
11-Mar-16,0.55,0
12-Mar-16,0.61,0
13-Mar-16,0.35,2.11
14-Mar-16,0.23,3.63
15-Mar-16,0.22,2.81
16-Mar-16,0.37,4.16
17-Mar-16,0.46,0
18-Mar-16,0.33,0.19
19-Mar-16,0.26,0.12
20-Mar-16,0.6,0
21-Mar-16,0.53,0
22-Mar-16,0.6,0
23-Mar-16,0.8,0
24-Mar-16,0.24,0
25-Mar-16,0.82,0
26-Mar-16,1.02,0
27-Mar-16,0.83,0
28-Mar-16,0.5,1.82
29-Mar-16,0.83,0.06
30-Mar-16,0.88,0
31-Mar-16,0.73,1.53
01-Apr-16,0.51,0.01
02-Apr-16,0.48,0.03
03-Apr-16,0.52,0
04-Apr-16,0.42,0
05-Apr-16,0.5,0.35
06-Apr-16,0.78,0.04
07-Apr-16,0.55,0.04
08-Apr-16,0.54,0.09
09-Apr-16,0.5,0.02
10-Apr-16,0.56,0
11-Apr-16,0.39,0
12-Apr-16,0.57,0
13-Apr-16,0.2,0
14-Apr-16,0.24,0
15-Apr-16,0.4,0
16-Apr-16,0.37,0
17-Apr-16,0.36,0
18-Apr-16,0.8,0.24
19-Apr-16,1.06,0.12
20-Apr-16,0.57,0
21-Apr-16,0.37,0
22-Apr-16,0.36,0
23-Apr-16,0.49,0.01
24-Apr-16,0.54,0
25-Apr-16,0.46,0
26-Apr-16,0.38,0
27-Apr-16,0.49,1.79
28-Apr-16,0.25,0.31
29-Apr-16,0.37,0.04
30-Apr-16,0.59,1.55
01-May-16,0.61,0.3
02-May-16,0.48,0
03-May-16,0.64,0.05
04-May-16,0.58,0.78
05-May-16,0.7,3.22
06-May-16,0.75,1.3
07-May-16,0.49,0.01
08-May-16,0.53,0.01
09-May-16,0.36,0.16
10-May-16,0.43,0.75
11-May-16,0.61,2.57
12-May-16,0.63,0.31
13-May-16,1.07,0.66
14-May-16,0.89,0.73
15-May-16,0.8,0.25
16-May-16,0.89,0.04
17-May-16,0.62,0.46
18-May-16,0.74,1.91
19-May-16,0.82,0.23
20-May-16,0.41,0.13
21-May-16,0.53,0.62
22-May-16,0.43,0.64
23-May-16,0.62,0.25
24-May-16,0.67,0.5
25-May-16,0.65,0.13
26-May-16,0.67,0.27
27-May-16,0.5,9.1
28-May-16,0.68,9.66
29-May-16,1.14,0.56
30-May-16,1.19,0.95
31-May-16,0.72,0.06
01-Jun-16,1.24,0.03
02-Jun-16,1.57,0.12
03-Jun-16,2.58,1.54
04-Jun-16,3.29,2.87
05-Jun-16,2.52,0.62
06-Jun-16,2.85,0.34
07-Jun-16,2.95,6.67
08-Jun-16,2.41,8.48
09-Jun-16,3.49,4.38
10-Jun-16,4.05,1.23
11-Jun-16,5,0.64
12-Jun-16,4.87,4.1
13-Jun-16,4.47,2.65
14-Jun-16,4.32,3.63
15-Jun-16,5.08,0.41
16-Jun-16,4.97,0.43
17-Jun-16,5.64,3.72
18-Jun-16,5.1,20.07
19-Jun-16,6.57,4.72
20-Jun-16,7.37,2.51
21-Jun-16,7.66,0.86
22-Jun-16,7.91,0.13
23-Jun-16,8.33,1.71
24-Jun-16,10.03,28.27
25-Jun-16,10.06,2.06
26-Jun-16,11.14,8.72
27-Jun-16,12.42,9.78
28-Jun-16,12.07,26.93
29-Jun-16,9.33,8.19
30-Jun-16,10.73,8.42
01-Jul-16,11.72,11.96
02-Jul-16,11.2,13.02
03-Jul-16,12.39,20.95
04-Jul-16,12.59,17.01
05-Jul-16,13.44,16.96
06-Jul-16,11.63,15.65
07-Jul-16,11.42,6.83
08-Jul-16,13,6.96
09-Jul-16,10.68,13.91
10-Jul-16,10.36,21.05
11-Jul-16,12.23,22.59
12-Jul-16,13.42,7.63
13-Jul-16,12.21,3.54
14-Jul-16,10.65,3.41
15-Jul-16,11.43,9.04
16-Jul-16,12.65,21.34
17-Jul-16,11.63,12.13
18-Jul-16,11.06,18.76
19-Jul-16,12.29,3.82
20-Jul-16,12.24,9.87
21-Jul-16,11.17,12.29
22-Jul-16,10.36,21.14
23-Jul-16,10.5,7.62
24-Jul-16,11.86,5.57
25-Jul-16,11.96,3.85
26-Jul-16,14.45,12.76
27-Jul-16,13.41,11.41
28-Jul-16,13.39,3.45
29-Jul-16,10.95,3.63
30-Jul-16,11.85,5.86
31-Jul-16,10.26,12.56
01-Aug-16,13.73,8.26
02-Aug-16,13.96,21.68
03-Aug-16,13.36,21.91
04-Aug-16,15.43,20.79
05-Aug-16,12.39,26.07
06-Aug-16,10.92,24.5
07-Aug-16,13.15,31.51
08-Aug-16,13.54,6.94
09-Aug-16,13.99,2.58
10-Aug-16,12.13,10.07
11-Aug-16,10.92,6.29
12-Aug-16,11.96,20.42
13-Aug-16,12.97,16.01
14-Aug-16,14.43,5.03
15-Aug-16,14.56,6.17
16-Aug-16,13.98,9.42
17-Aug-16,12.05,8.4
18-Aug-16,10.23,10.5
19-Aug-16,9.71,12.17
20-Aug-16,11.73,0.01
21-Aug-16,11.5,0.04
22-Aug-16,13.86,0.88
23-Aug-16,12.38,7.89
24-Aug-16,7.92,4.03
25-Aug-16,9.18,3.36
26-Aug-16,7.98,15.32
27-Aug-16,9.68,19.54
28-Aug-16,10.59,4.37
29-Aug-16,9.67,2.11
30-Aug-16,9.67,5.7
31-Aug-16,8.69,16.07
01-Sep-16,7.45,6.41
02-Sep-16,8.25,7.05
03-Sep-16,10.38,15.01
04-Sep-16,10.82,16.57
05-Sep-16,9.59,10.21
06-Sep-16,8,1.61
07-Sep-16,8.76,1.57
08-Sep-16,9.72,4.1
09-Sep-16,9.44,4.54
10-Sep-16,9,23.74
11-Sep-16,10.47,23.06
12-Sep-16,11.64,19.08
13-Sep-16,11.19,12.31
14-Sep-16,8.75,6.17
15-Sep-16,7.64,7.51
16-Sep-16,6.63,2.41
17-Sep-16,6.82,1.16
18-Sep-16,5.72,5.13
19-Sep-16,5.57,11.21
20-Sep-16,5.14,8.37
21-Sep-16,5.94,9.23
22-Sep-16,7.36,4.42
23-Sep-16,7.91,4.95
24-Sep-16,6.96,3.83
25-Sep-16,5.48,11.81
26-Sep-16,4.76,13
27-Sep-16,5.03,18.28
28-Sep-16,4.19,18.37
29-Sep-16,3.2,11.9
30-Sep-16,3.58,9.5
01-Oct-16,4.93,7.48
02-Oct-16,4.35,3.36
03-Oct-16,3.64,2.83
04-Oct-16,4.05,1.43
05-Oct-16,3.33,4.07
06-Oct-16,2.52,2.26
07-Oct-16,2.73,12.51
08-Oct-16,2.95,12.18
09-Oct-16,3.35,17.41
10-Oct-16,2.39,9.81
11-Oct-16,1.82,0.86
12-Oct-16,2.24,0.21
13-Oct-16,1.75,0.01
14-Oct-16,1.88,0
15-Oct-16,1.37,0
16-Oct-16,1.18,0
17-Oct-16,1.03,0
18-Oct-16,1.73,0
19-Oct-16,1.79,0
20-Oct-16,2.47,0
21-Oct-16,2.41,0
22-Oct-16,1.58,0
23-Oct-16,1.48,0
24-Oct-16,1.89,0
25-Oct-16,1.8,0
26-Oct-16,1,0
27-Oct-16,0.66,0.19
28-Oct-16,1.05,0.01
29-Oct-16,1.01,0
30-Oct-16,1.25,2.52
31-Oct-16,0.46,0.04
01-Nov-16,0.32,0
02-Nov-16,0.44,0
03-Nov-16,0.49,0
04-Nov-16,0.68,0.06
05-Nov-16,0.55,0.03
06-Nov-16,0.43,0
07-Nov-16,0.41,0.01
08-Nov-16,0.24,0
09-Nov-16,0.15,0
10-Nov-16,0.29,0
11-Nov-16,0.27,0
12-Nov-16,0.29,0
13-Nov-16,0.21,0
14-Nov-16,0.15,0
15-Nov-16,0.31,0
16-Nov-16,0.12,0
17-Nov-16,0.08,0
18-Nov-16,0.19,0
19-Nov-16,0.67,0
20-Nov-16,0.48,0
21-Nov-16,0.45,0
22-Nov-16,0.23,0
23-Nov-16,0.26,0
24-Nov-16,0.47,0
25-Nov-16,0.48,0
26-Nov-16,0.56,0
27-Nov-16,0.45,0
28-Nov-16,0.31,0
29-Nov-16,0.14,0
30-Nov-16,0.27,0
01-Dec-16,0.23,0
02-Dec-16,0.32,0
03-Dec-16,0.08,0.04
04-Dec-16,0.09,0.05
05-Dec-16,0.34,0
06-Dec-16,0.23,0
07-Dec-16,0.02,0
08-Dec-16,0.06,0
09-Dec-16,0.12,0
10-Dec-16,0.13,0
11-Dec-16,0.42,0
12-Dec-16,0.29,0
13-Dec-16,0.18,0
14-Dec-16,0.29,0
15-Dec-16,0.17,0
16-Dec-16,0.05,0
17-Dec-16,0.12,0
18-Dec-16,0.09,0
19-Dec-16,0.18,0
20-Dec-16,0.03,0
21-Dec-16,0.04,0
22-Dec-16,0.03,0
23-Dec-16,0.03,0
24-Dec-16,0.17,0
25-Dec-16,0.32,0
26-Dec-16,0.26,0
27-Dec-16,0.1,0
28-Dec-16,0.13,0
29-Dec-16,0.07,0
30-Dec-16,0.05,0
31-Dec-16,0.09,0
01-Jan-17,0.24,0
02-Jan-17,0.32,0.26
03-Jan-17,0.37,0.75
04-Jan-17,0.3,0
05-Jan-17,0.46,0
06-Jan-17,0.73,0
07-Jan-17,0.25,0
08-Jan-17,0.23,0
09-Jan-17,0.21,0
10-Jan-17,0.24,0.36
11-Jan-17,0.88,0.14
12-Jan-17,0.54,0
13-Jan-17,0.43,0
14-Jan-17,0.4,0
15-Jan-17,0.43,0
16-Jan-17,0.42,0
17-Jan-17,0.11,0
18-Jan-17,0.14,0
19-Jan-17,0.15,0
20-Jan-17,0.37,0
21-Jan-17,0.77,0
22-Jan-17,0.67,0
23-Jan-17,0.4,0
24-Jan-17,0.22,0
25-Jan-17,0.38,0
26-Jan-17,0.29,0
27-Jan-17,0.62,0
28-Jan-17,0.93,0
29-Jan-17,0.7,0
30-Jan-17,0.66,0
31-Jan-17,0.42,0
01-Feb-17,0.74,0
02-Feb-17,0.34,0
03-Feb-17,0.3,0
04-Feb-17,0.43,0
05-Feb-17,0.39,0
06-Feb-17,0.56,0
07-Feb-17,0.6,0
08-Feb-17,0.44,0
09-Feb-17,0.32,0
10-Feb-17,0.56,0
11-Feb-17,0.27,0
12-Feb-17,0.54,1.25
13-Feb-17,0.35,0.01
14-Feb-17,0.56,0
15-Feb-17,0.64,0
16-Feb-17,0.4,0
17-Feb-17,0.36,0
18-Feb-17,0.53,0
19-Feb-17,1.14,0
20-Feb-17,0.42,0
21-Feb-17,0.62,0
22-Feb-17,0.87,0
23-Feb-17,0.7,0
24-Feb-17,0.43,0
25-Feb-17,0.58,0
26-Feb-17,0.33,0
27-Feb-17,0.62,0
28-Feb-17,0.7,0
01-Mar-17,0.46,0
02-Mar-17,0.61,0
03-Mar-17,0.54,0
04-Mar-17,0.54,0.17
05-Mar-17,0.19,0.03
06-Mar-17,0.23,0
07-Mar-17,0.2,0
08-Mar-17,0.24,3.02
09-Mar-17,0.22,0.65
10-Mar-17,0.23,0.32
11-Mar-17,0.55,2.12
12-Mar-17,0.61,0
13-Mar-17,0.35,0
14-Mar-17,0.23,0
15-Mar-17,0.22,0
16-Mar-17,0.37,0
17-Mar-17,0.46,0.94
18-Mar-17,0.33,0.27
19-Mar-17,0.26,0.02
20-Mar-17,0.6,0.48
21-Mar-17,0.53,0
22-Mar-17,0.6,0
23-Mar-17,0.8,0
24-Mar-17,0.24,0
25-Mar-17,0.82,0
26-Mar-17,1.02,0
27-Mar-17,0.83,0
28-Mar-17,0.5,0
29-Mar-17,0.83,0
30-Mar-17,0.88,0
31-Mar-17,0.73,0
01-Apr-17,0.51,0
02-Apr-17,0.48,0
03-Apr-17,0.52,0.01
04-Apr-17,0.42,0
05-Apr-17,0.5,0.01
06-Apr-17,0.78,0.41
07-Apr-17,0.55,0.06
08-Apr-17,0.54,0
09-Apr-17,0.5,0
10-Apr-17,0.56,0
11-Apr-17,0.39,0
12-Apr-17,0.57,0
13-Apr-17,0.2,0
14-Apr-17,0.24,0
15-Apr-17,0.4,0
16-Apr-17,0.37,0
17-Apr-17,0.36,0.08
18-Apr-17,0.8,0.05
19-Apr-17,1.06,0.15
20-Apr-17,0.57,0.5
21-Apr-17,0.37,0.65
22-Apr-17,0.36,0.01
23-Apr-17,0.49,0
24-Apr-17,0.54,0
25-Apr-17,0.46,0
26-Apr-17,0.38,0
27-Apr-17,0.49,0
28-Apr-17,0.25,0
29-Apr-17,0.37,0
30-Apr-17,0.59,0.01
01-May-17,0.61,0
02-May-17,0.48,0.07
03-May-17,0.64,0
04-May-17,0.58,1.08
05-May-17,0.7,0
06-May-17,0.75,0.4
07-May-17,0.49,2.13
08-May-17,0.53,0.2
09-May-17,0.36,0.36
10-May-17,0.43,1.14
11-May-17,0.61,0.16
12-May-17,0.63,0.94
13-May-17,1.07,0.12
14-May-17,0.89,0.59
15-May-17,0.8,0.15
16-May-17,0.89,0.03
17-May-17,0.62,0
18-May-17,0.74,0.11
19-May-17,0.82,0.25
20-May-17,0.41,0.08
21-May-17,0.53,0.11
22-May-17,0.43,0.02
23-May-17,0.62,0
24-May-17,0.67,0.01
25-May-17,0.65,0.04
26-May-17,0.67,0.34
27-May-17,0.5,1.7
28-May-17,0.68,5.43
29-May-17,1.14,1.59
30-May-17,1.19,0.59
31-May-17,0.72,0.66
01-Jun-17,1.24,0.22
02-Jun-17,1.57,1.22
03-Jun-17,2.58,1.02
04-Jun-17,3.29,0.59
05-Jun-17,2.52,0.1
06-Jun-17,2.85,1.31
07-Jun-17,2.95,0.29
08-Jun-17,2.41,11.41
09-Jun-17,3.49,6.24
10-Jun-17,4.05,2.82
11-Jun-17,5,4.86
12-Jun-17,4.87,3.05
13-Jun-17,4.47,6.11
14-Jun-17,4.32,2.19
15-Jun-17,5.08,1.65
16-Jun-17,4.97,9.43
17-Jun-17,5.64,1.03
18-Jun-17,5.1,2.71
19-Jun-17,6.57,5
20-Jun-17,7.37,3.88
21-Jun-17,7.66,9.58
22-Jun-17,7.91,16.27
23-Jun-17,8.33,8.43
24-Jun-17,10.03,1.42
25-Jun-17,10.06,18.15
26-Jun-17,11.14,13.85
27-Jun-17,12.42,13.71
28-Jun-17,12.07,18.45
29-Jun-17,9.33,10.02
30-Jun-17,10.73,15.17
01-Jul-17,11.72,12.12
02-Jul-17,11.2,12.31
03-Jul-17,12.39,15.78
04-Jul-17,12.59,14.54
05-Jul-17,13.44,7.2
06-Jul-17,11.63,8.37
07-Jul-17,11.42,3.98
08-Jul-17,13,0.94
09-Jul-17,10.68,4.93
10-Jul-17,10.36,21.77
11-Jul-17,12.23,7.65
12-Jul-17,13.42,7.65
13-Jul-17,12.21,4.48
14-Jul-17,10.65,5.15
15-Jul-17,11.43,15.15
16-Jul-17,12.65,12.02
17-Jul-17,11.63,15.89
18-Jul-17,11.06,40.66
19-Jul-17,12.29,37.39
20-Jul-17,12.24,14.87
21-Jul-17,11.17,10.23
22-Jul-17,10.36,4.83
23-Jul-17,10.5,13.8
24-Jul-17,11.86,17.58
25-Jul-17,11.96,7.41
26-Jul-17,14.45,16.28
27-Jul-17,13.41,25.84
28-Jul-17,13.39,4.28
29-Jul-17,10.95,0.94
30-Jul-17,11.85,1.93
31-Jul-17,10.26,6.09
01-Aug-17,13.73,5.88
02-Aug-17,13.96,4.04
03-Aug-17,13.36,6.6
04-Aug-17,15.43,3.73
05-Aug-17,12.39,6.99
06-Aug-17,10.92,16.35
07-Aug-17,13.15,14.98
08-Aug-17,13.54,11.87
09-Aug-17,13.99,9.68
10-Aug-17,12.13,6.74
11-Aug-17,10.92,4.59
12-Aug-17,11.96,7.21
13-Aug-17,12.97,4.9
14-Aug-17,14.43,11.92
15-Aug-17,14.56,3.1
16-Aug-17,13.98,6.23
17-Aug-17,12.05,7.99
18-Aug-17,10.23,20.02
19-Aug-17,9.71,19.99
20-Aug-17,11.73,12.01
21-Aug-17,11.5,3.23
22-Aug-17,13.86,1.01
23-Aug-17,12.38,2.15
24-Aug-17,7.92,18.18
25-Aug-17,9.18,12.02
26-Aug-17,7.98,8.76
27-Aug-17,9.68,6.91
28-Aug-17,10.59,17.06
29-Aug-17,9.67,30.49
30-Aug-17,9.67,7.04
31-Aug-17,8.69,1.03
01-Sep-17,7.45,6.95
02-Sep-17,8.25,3.84
03-Sep-17,10.38,2.04
04-Sep-17,10.82,1.38
05-Sep-17,9.59,1.03
06-Sep-17,8,1.44
07-Sep-17,8.76,2.76
08-Sep-17,9.72,1.38
09-Sep-17,9.44,5.47
10-Sep-17,9,9.02
11-Sep-17,10.47,0.98
12-Sep-17,11.64,5.9
13-Sep-17,11.19,10.75
14-Sep-17,8.75,8.75
15-Sep-17,7.64,4.54
16-Sep-17,6.63,1.88
17-Sep-17,6.82,2.11
18-Sep-17,5.72,11.5
19-Sep-17,5.57,13.16
20-Sep-17,5.14,26.7
21-Sep-17,5.94,21.11
22-Sep-17,7.36,4.12
23-Sep-17,7.91,0.53
24-Sep-17,6.96,0
25-Sep-17,5.48,2.17
26-Sep-17,4.76,1.89
27-Sep-17,5.03,2.18
28-Sep-17,4.19,4.88
29-Sep-17,3.2,7.73
30-Sep-17,3.58,6.32
01-Oct-17,4.93,4.85
02-Oct-17,4.35,4.56
03-Oct-17,3.64,1.15
04-Oct-17,4.05,3.9
05-Oct-17,3.33,4.67
06-Oct-17,2.52,3.4
07-Oct-17,2.73,9.69
08-Oct-17,2.95,2.54
09-Oct-17,3.35,6.44
10-Oct-17,2.39,8.35
11-Oct-17,1.82,4.07
12-Oct-17,2.24,1.69
13-Oct-17,1.75,2.27
14-Oct-17,1.88,0.98
15-Oct-17,1.37,5.09
16-Oct-17,1.18,0.37
17-Oct-17,1.03,0
18-Oct-17,1.73,0
19-Oct-17,1.79,0.15
20-Oct-17,2.47,2.89
21-Oct-17,2.41,1.61
22-Oct-17,1.58,1.09
23-Oct-17,1.48,0.66
24-Oct-17,1.89,0.15
25-Oct-17,1.8,0.1
26-Oct-17,1,0
27-Oct-17,0.66,0
28-Oct-17,1.05,0
29-Oct-17,1.01,0.33
30-Oct-17,1.25,0
31-Oct-17,0.46,0
01-Nov-17,0.32,0
02-Nov-17,0.44,0
03-Nov-17,0.49,0
04-Nov-17,0.68,0
05-Nov-17,0.55,0
06-Nov-17,0.43,0
07-Nov-17,0.41,0
08-Nov-17,0.24,0
09-Nov-17,0.15,0
10-Nov-17,0.29,0
11-Nov-17,0.27,0
12-Nov-17,0.29,0
13-Nov-17,0.21,0
14-Nov-17,0.15,0
15-Nov-17,0.31,0.03
16-Nov-17,0.12,0.23
17-Nov-17,0.08,0.23
18-Nov-17,0.19,0.03
19-Nov-17,0.67,0.01
20-Nov-17,0.48,0
21-Nov-17,0.45,0
22-Nov-17,0.23,0
23-Nov-17,0.26,0.05
24-Nov-17,0.47,0
25-Nov-17,0.48,0
26-Nov-17,0.56,0
27-Nov-17,0.45,0
28-Nov-17,0.31,0
29-Nov-17,0.14,0
30-Nov-17,0.27,0
01-Dec-17,0.23,0
02-Dec-17,0.32,0
03-Dec-17,0.08,0
04-Dec-17,0.09,0
05-Dec-17,0.34,0
06-Dec-17,0.23,0
07-Dec-17,0.02,0
08-Dec-17,0.06,0
09-Dec-17,0.12,0
10-Dec-17,0.13,0
11-Dec-17,0.42,0
12-Dec-17,0.29,0
13-Dec-17,0.18,0
14-Dec-17,0.29,0
15-Dec-17,0.17,0
16-Dec-17,0.05,0
17-Dec-17,0.12,0
18-Dec-17,0.09,0
19-Dec-17,0.18,0
20-Dec-17,0.03,0
21-Dec-17,0.04,0
22-Dec-17,0.03,0
23-Dec-17,0.03,0
24-Dec-17,0.17,0
25-Dec-17,0.32,0
26-Dec-17,0.26,0
27-Dec-17,0.1,0
28-Dec-17,0.13,0
29-Dec-17,0.07,0
30-Dec-17,0.05,0
31-Dec-17,0.09,0
01-Jan-18,0.24,0
02-Jan-18,0.32,0
03-Jan-18,0.37,0
04-Jan-18,0.3,0
05-Jan-18,0.46,0
06-Jan-18,0.73,0
07-Jan-18,0.25,0
08-Jan-18,0.23,0
09-Jan-18,0.21,0
10-Jan-18,0.24,0
11-Jan-18,0.88,0
12-Jan-18,0.54,0
13-Jan-18,0.43,0
14-Jan-18,0.4,0
15-Jan-18,0.43,0
16-Jan-18,0.42,0
17-Jan-18,0.11,0
18-Jan-18,0.14,0
19-Jan-18,0.15,0
20-Jan-18,0.37,0
21-Jan-18,0.77,0
22-Jan-18,0.67,0
23-Jan-18,0.4,0
24-Jan-18,0.22,0
25-Jan-18,0.38,0
26-Jan-18,0.29,0
27-Jan-18,0.62,0
28-Jan-18,0.93,0
29-Jan-18,0.7,0
30-Jan-18,0.66,0
31-Jan-18,0.42,0
01-Feb-18,0.74,0
02-Feb-18,0.34,0
03-Feb-18,0.3,0
04-Feb-18,0.43,0
05-Feb-18,0.39,0
06-Feb-18,0.56,0
07-Feb-18,0.6,0
08-Feb-18,0.44,0
09-Feb-18,0.32,0.04
10-Feb-18,0.56,0.01
11-Feb-18,0.27,0
12-Feb-18,0.54,1.46
13-Feb-18,0.35,2.11
14-Feb-18,0.56,5.17
15-Feb-18,0.64,0
16-Feb-18,0.4,0
17-Feb-18,0.36,0
18-Feb-18,0.53,0
19-Feb-18,1.14,0
20-Feb-18,0.42,0
21-Feb-18,0.62,0
22-Feb-18,0.87,0
23-Feb-18,0.7,0
24-Feb-18,0.43,0
25-Feb-18,0.58,0
26-Feb-18,0.33,0.25
27-Feb-18,0.62,0
28-Feb-18,0.7,0
01-Mar-18,0.46,0
02-Mar-18,0.61,0
03-Mar-18,0.54,0
04-Mar-18,0.54,0
05-Mar-18,0.19,0
06-Mar-18,0.23,0.02
07-Mar-18,0.2,0
08-Mar-18,0.24,0
09-Mar-18,0.22,0
10-Mar-18,0.23,0
11-Mar-18,0.55,0
12-Mar-18,0.61,0
13-Mar-18,0.35,0
14-Mar-18,0.23,0
15-Mar-18,0.22,0.06
16-Mar-18,0.37,0.1
17-Mar-18,0.46,0.39
18-Mar-18,0.33,0.01
19-Mar-18,0.26,0
20-Mar-18,0.6,0
21-Mar-18,0.53,0
22-Mar-18,0.6,0.07
23-Mar-18,0.8,0
24-Mar-18,0.24,0
25-Mar-18,0.82,0
26-Mar-18,1.02,0.01
27-Mar-18,0.83,0
28-Mar-18,0.5,0
29-Mar-18,0.83,0
30-Mar-18,0.88,0
31-Mar-18,0.73,0
01-Apr-18,0.51,3.88
02-Apr-18,0.48,2.74
03-Apr-18,0.52,0.05
04-Apr-18,0.42,0.06
05-Apr-18,0.5,0.5
06-Apr-18,0.78,0.12
07-Apr-18,0.55,0.88
08-Apr-18,0.54,4.49
09-Apr-18,0.5,0.2
10-Apr-18,0.56,0.52
11-Apr-18,0.39,1.34
12-Apr-18,0.57,0.48
13-Apr-18,0.2,1.58
14-Apr-18,0.24,0.07
15-Apr-18,0.4,6.19
16-Apr-18,0.37,1.38
17-Apr-18,0.36,0.04
18-Apr-18,0.8,0.49
19-Apr-18,1.06,0.11
20-Apr-18,0.57,0
21-Apr-18,0.37,0.11
22-Apr-18,0.36,0
23-Apr-18,0.49,1.35
24-Apr-18,0.54,0.03
25-Apr-18,0.46,0.93
26-Apr-18,0.38,0.01
27-Apr-18,0.49,0.07
28-Apr-18,0.25,0.17
29-Apr-18,0.37,0.45
30-Apr-18,0.59,1.24
01-May-18,0.61,0.39
02-May-18,0.48,3.85
03-May-18,0.64,3.45
04-May-18,0.58,2.87
05-May-18,0.7,2.45
06-May-18,0.75,0
07-May-18,0.49,0.02
08-May-18,0.53,0
09-May-18,0.36,0
10-May-18,0.43,1.26
11-May-18,0.61,0.05
12-May-18,0.63,1.03
13-May-18,1.07,2.04
14-May-18,0.89,1.35
15-May-18,0.8,5.89
16-May-18,0.89,0.09
17-May-18,0.62,0.56
18-May-18,0.74,1.03
19-May-18,0.82,1.09
20-May-18,0.41,0.45
21-May-18,0.53,1.42
22-May-18,0.43,0
23-May-18,0.62,1.31
24-May-18,0.67,0.02
25-May-18,0.65,0.32
26-May-18,0.67,1.9
27-May-18,0.5,0.27
28-May-18,0.68,0.29
29-May-18,1.14,0.46
30-May-18,1.19,0.42
31-May-18,0.72,7.39
01-Jun-18,1.24,3.96
02-Jun-18,1.57,6.48
03-Jun-18,2.58,1.88
04-Jun-18,3.29,3.9
05-Jun-18,2.52,0.64
06-Jun-18,2.85,1.42
07-Jun-18,2.95,4.07
08-Jun-18,2.41,5.67
09-Jun-18,3.49,6.26
10-Jun-18,4.05,4.44
11-Jun-18,5,5.7
12-Jun-18,4.87,11.4
13-Jun-18,4.47,12.08
14-Jun-18,4.32,5.16
15-Jun-18,5.08,0.01
16-Jun-18,4.97,0.03
17-Jun-18,5.64,0.12
18-Jun-18,5.1,0.29
19-Jun-18,6.57,1.2
20-Jun-18,7.37,2.61
21-Jun-18,7.66,3.34
22-Jun-18,7.91,19.17
23-Jun-18,8.33,2.95
24-Jun-18,10.03,1.15
25-Jun-18,10.06,1.47
26-Jun-18,11.14,5.46
27-Jun-18,12.42,8.25
28-Jun-18,12.07,18.84
29-Jun-18,9.33,13.34
30-Jun-18,10.73,1.1
01-Jul-18,11.72,2.02
02-Jul-18,11.2,19.6
03-Jul-18,12.39,8.09
04-Jul-18,12.59,6.69
05-Jul-18,13.44,4.29
06-Jul-18,11.63,3.5
07-Jul-18,11.42,8.29
08-Jul-18,13,10.4
09-Jul-18,10.68,20.21
10-Jul-18,10.36,11.69
11-Jul-18,12.23,8.56
12-Jul-18,13.42,12.43
13-Jul-18,12.21,18.6
14-Jul-18,10.65,23.55
15-Jul-18,11.43,15.15
16-Jul-18,12.65,34.69
17-Jul-18,11.63,28.53
18-Jul-18,11.06,9.8
19-Jul-18,12.29,8.31
20-Jul-18,12.24,9.69
21-Jul-18,11.17,26.1
22-Jul-18,10.36,21.93
23-Jul-18,10.5,30.3
24-Jul-18,11.86,3.55
25-Jul-18,11.96,5.37
26-Jul-18,14.45,12.14
27-Jul-18,13.41,5.92
28-Jul-18,13.39,5.28
29-Jul-18,10.95,4.08
30-Jul-18,11.85,3.81
31-Jul-18,10.26,1.26
01-Aug-18,13.73,6.67
02-Aug-18,13.96,13.73
03-Aug-18,13.36,5.37
04-Aug-18,15.43,1.12
05-Aug-18,12.39,1.48
06-Aug-18,10.92,1.32
07-Aug-18,13.15,15.94
08-Aug-18,13.54,38.72
09-Aug-18,13.99,13.7
10-Aug-18,12.13,2.41
11-Aug-18,10.92,12.27
12-Aug-18,11.96,23.2
13-Aug-18,12.97,22.83
14-Aug-18,14.43,12.32
15-Aug-18,14.56,11.56
16-Aug-18,13.98,41.78
17-Aug-18,12.05,5.45
18-Aug-18,10.23,5.02
19-Aug-18,9.71,10.96
20-Aug-18,11.73,33.01
21-Aug-18,11.5,15.96
22-Aug-18,13.86,1.89
23-Aug-18,12.38,1.88
24-Aug-18,7.92,3.09
25-Aug-18,9.18,6.08
26-Aug-18,7.98,11.5
27-Aug-18,9.68,39
28-Aug-18,10.59,27.95
29-Aug-18,9.67,9.14
30-Aug-18,9.67,2.59
31-Aug-18,8.69,11.38
01-Sep-18,7.45,12.77
02-Sep-18,8.25,8.43
03-Sep-18,10.38,8.22
04-Sep-18,10.82,4.7
05-Sep-18,9.59,1.17
06-Sep-18,8,18.4
07-Sep-18,8.76,23.17
08-Sep-18,9.72,8.64
09-Sep-18,9.44,0.07
10-Sep-18,9,0.22
11-Sep-18,10.47,1.55
12-Sep-18,11.64,0.06
13-Sep-18,11.19,0.48
14-Sep-18,8.75,1.01
15-Sep-18,7.64,0.62
16-Sep-18,6.63,0.41
17-Sep-18,6.82,3.71
18-Sep-18,5.72,2.7
19-Sep-18,5.57,5.05
20-Sep-18,5.14,1.77
21-Sep-18,5.94,25.35
22-Sep-18,7.36,15.61
23-Sep-18,7.91,0.21
24-Sep-18,6.96,0.26
25-Sep-18,5.48,1.4
26-Sep-18,4.76,1.31
27-Sep-18,5.03,0.49
28-Sep-18,4.19,0.11
29-Sep-18,3.2,0.08
30-Sep-18,3.58,0.14
01-Oct-18,4.93,0.02
02-Oct-18,4.35,0.87
03-Oct-18,3.64,0.53
04-Oct-18,4.05,0.08
05-Oct-18,3.33,0
06-Oct-18,2.52,0.14
07-Oct-18,2.73,0
08-Oct-18,2.95,0
09-Oct-18,3.35,0
10-Oct-18,2.39,0
11-Oct-18,1.82,0.3
12-Oct-18,2.24,1.94
13-Oct-18,1.75,0.29
14-Oct-18,1.88,0
15-Oct-18,1.37,1.49
16-Oct-18,1.18,0
17-Oct-18,1.03,0
18-Oct-18,1.73,0
19-Oct-18,1.79,0
20-Oct-18,2.47,0
21-Oct-18,2.41,0
22-Oct-18,1.58,0
23-Oct-18,1.48,0.06
24-Oct-18,1.89,0.05
25-Oct-18,1.8,0
26-Oct-18,1,0
27-Oct-18,0.66,0
28-Oct-18,1.05,0
29-Oct-18,1.01,0.01
30-Oct-18,1.25,0
31-Oct-18,0.46,0.3
01-Nov-18,0.32,0
02-Nov-18,0.44,0
03-Nov-18,0.49,0
04-Nov-18,0.68,0
05-Nov-18,0.55,0.01
06-Nov-18,0.43,0
07-Nov-18,0.41,0
08-Nov-18,0.24,0
09-Nov-18,0.15,0.02
10-Nov-18,0.29,0
11-Nov-18,0.27,0
12-Nov-18,0.29,0
13-Nov-18,0.21,0
14-Nov-18,0.15,0
15-Nov-18,0.31,0
16-Nov-18,0.12,0
17-Nov-18,0.08,0.1
18-Nov-18,0.19,0
19-Nov-18,0.67,0
20-Nov-18,0.48,0
21-Nov-18,0.45,0
22-Nov-18,0.23,0
23-Nov-18,0.26,0
24-Nov-18,0.47,0
25-Nov-18,0.48,0
26-Nov-18,0.56,0
27-Nov-18,0.45,0
28-Nov-18,0.31,0
29-Nov-18,0.14,0
30-Nov-18,0.27,0
01-Dec-18,0.23,0
02-Dec-18,0.32,0
03-Dec-18,0.08,0
04-Dec-18,0.09,0
05-Dec-18,0.34,0
06-Dec-18,0.23,0
07-Dec-18,0.02,0
08-Dec-18,0.06,0
09-Dec-18,0.12,0
10-Dec-18,0.13,0.1
11-Dec-18,0.42,1.38
12-Dec-18,0.29,0.04
13-Dec-18,0.18,0.44
14-Dec-18,0.29,0.54
15-Dec-18,0.17,0.06
16-Dec-18,0.05,0
17-Dec-18,0.12,9.83
18-Dec-18,0.09,33.53
19-Dec-18,0.18,0.28
20-Dec-18,0.03,0
21-Dec-18,0.04,0
22-Dec-18,0.03,0
23-Dec-18,0.03,0
24-Dec-18,0.17,0
25-Dec-18,0.32,0
26-Dec-18,0.26,0
27-Dec-18,0.1,0
28-Dec-18,0.13,0
29-Dec-18,0.07,0
30-Dec-18,0.05,0
31-Dec-18,0.09,0
01-Jan-19,0.24,0
02-Jan-19,0.32,0
03-Jan-19,0.37,0
04-Jan-19,0.3,0
05-Jan-19,0.46,0
06-Jan-19,0.73,0
07-Jan-19,0.25,0
08-Jan-19,0.23,0
09-Jan-19,0.21,0
10-Jan-19,0.24,0
11-Jan-19,0.88,0
12-Jan-19,0.54,0
13-Jan-19,0.43,0
14-Jan-19,0.4,0
15-Jan-19,0.43,0
16-Jan-19,0.42,0
17-Jan-19,0.11,0
18-Jan-19,0.14,0
19-Jan-19,0.15,0
20-Jan-19,0.37,0
21-Jan-19,0.77,0
22-Jan-19,0.67,0
23-Jan-19,0.4,0
24-Jan-19,0.22,0.09
25-Jan-19,0.38,2.63
26-Jan-19,0.29,6.31
27-Jan-19,0.62,3.41
28-Jan-19,0.93,1.33
29-Jan-19,0.7,0.03
30-Jan-19,0.66,0
31-Jan-19,0.42,0
01-Feb-19,0.74,0
02-Feb-19,0.34,0
03-Feb-19,0.3,0
04-Feb-19,0.43,0
05-Feb-19,0.39,0
06-Feb-19,0.56,0
07-Feb-19,0.6,0
08-Feb-19,0.44,0.37
09-Feb-19,0.32,1.63
10-Feb-19,0.56,0
11-Feb-19,0.27,0
12-Feb-19,0.54,0
13-Feb-19,0.35,0
14-Feb-19,0.56,0
15-Feb-19,0.64,0
16-Feb-19,0.4,7.61
17-Feb-19,0.36,0
18-Feb-19,0.53,0
19-Feb-19,1.14,0
20-Feb-19,0.42,0
21-Feb-19,0.62,0
22-Feb-19,0.87,0
23-Feb-19,0.7,0
24-Feb-19,0.43,0
25-Feb-19,0.58,1.25
26-Feb-19,0.33,0.14
27-Feb-19,0.62,0.09
28-Feb-19,0.7,1.27
01-Mar-19,0.46,0.08
02-Mar-19,0.61,0
03-Mar-19,0.54,0.21
04-Mar-19,0.54,1.09
05-Mar-19,0.19,0
06-Mar-19,0.23,0
07-Mar-19,0.2,0
08-Mar-19,0.24,0
09-Mar-19,0.22,0
10-Mar-19,0.23,0
11-Mar-19,0.55,0
12-Mar-19,0.61,0
13-Mar-19,0.35,0.31
14-Mar-19,0.23,0.11
15-Mar-19,0.22,1.09
16-Mar-19,0.37,1.78
17-Mar-19,0.46,0
18-Mar-19,0.33,5.82
19-Mar-19,0.26,0.02
20-Mar-19,0.6,0
21-Mar-19,0.53,3.32
22-Mar-19,0.6,0.11
23-Mar-19,0.8,0.12
24-Mar-19,0.24,0
25-Mar-19,0.82,0.45
26-Mar-19,1.02,0
27-Mar-19,0.83,0
28-Mar-19,0.5,0.01
29-Mar-19,0.83,0
30-Mar-19,0.88,0
31-Mar-19,0.73,0
01-Apr-19,0.51,0.54
02-Apr-19,0.48,0.02
03-Apr-19,0.52,0
04-Apr-19,0.42,0
05-Apr-19,0.5,0
06-Apr-19,0.78,0.39
07-Apr-19,0.55,0.46
08-Apr-19,0.54,0.53
09-Apr-19,0.5,0.11
10-Apr-19,0.56,1.49
11-Apr-19,0.39,0.42
12-Apr-19,0.57,0.87
13-Apr-19,0.2,0.87
14-Apr-19,0.24,0.08
15-Apr-19,0.4,0.08
16-Apr-19,0.37,0.79
17-Apr-19,0.36,0.37
18-Apr-19,0.8,0.33
19-Apr-19,1.06,1.63
20-Apr-19,0.57,3.19
21-Apr-19,0.37,0.62
22-Apr-19,0.36,1.43
23-Apr-19,0.49,0.08
24-Apr-19,0.54,0.04
25-Apr-19,0.46,0
26-Apr-19,0.38,0
27-Apr-19,0.49,0
28-Apr-19,0.25,0.06
29-Apr-19,0.37,0
30-Apr-19,0.59,0.06
01-May-19,0.61,0.61
02-May-19,0.48,0.22
03-May-19,0.64,0.15
04-May-19,0.58,0.35
05-May-19,0.7,1.53
06-May-19,0.75,0.05
07-May-19,0.49,0
08-May-19,0.53,0
09-May-19,0.36,0
10-May-19,0.43,0
11-May-19,0.61,0
12-May-19,0.63,0.22
13-May-19,1.07,0
14-May-19,0.89,2.1
15-May-19,0.8,0.09
16-May-19,0.89,0.38
17-May-19,0.62,0.26
18-May-19,0.74,0.06
19-May-19,0.82,0
20-May-19,0.41,0
21-May-19,0.53,0.07
22-May-19,0.43,1.84
23-May-19,0.62,0.59
24-May-19,0.67,0.05
25-May-19,0.65,0.02
26-May-19,0.67,0.06
27-May-19,0.5,0.02
28-May-19,0.68,1.12
29-May-19,1.14,1.8
30-May-19,1.19,5.34
31-May-19,0.72,0
01-Jun-19,1.24,1.54
02-Jun-19,1.57,0.13
03-Jun-19,2.58,2.61
04-Jun-19,3.29,1.94
05-Jun-19,2.52,0.02
06-Jun-19,2.85,0.57
07-Jun-19,2.95,2.18
08-Jun-19,2.41,2.25
09-Jun-19,3.49,1
10-Jun-19,4.05,0.13
11-Jun-19,5,0.01
12-Jun-19,4.87,0.04
13-Jun-19,4.47,1.83
14-Jun-19,4.32,1.33
15-Jun-19,5.08,1.3
16-Jun-19,4.97,2.69
17-Jun-19,5.64,12.7
18-Jun-19,5.1,5.77
19-Jun-19,6.57,2.13
20-Jun-19,7.37,3.07
21-Jun-19,7.66,15.88
22-Jun-19,7.91,23.03
23-Jun-19,8.33,19.25
24-Jun-19,10.03,6.01
25-Jun-19,10.06,0.07
26-Jun-19,11.14,0.02
27-Jun-19,12.42,6.11
28-Jun-19,12.07,5.28
29-Jun-19,9.33,6.08
30-Jun-19,10.73,5.73
01-Jul-19,11.72,16.94
02-Jul-19,11.2,22.55
03-Jul-19,12.39,26.94
04-Jul-19,12.59,7.47
05-Jul-19,13.44,10.62
06-Jul-19,11.63,25.64
07-Jul-19,11.42,21.99
08-Jul-19,13,7.3
09-Jul-19,10.68,17.28
10-Jul-19,10.36,13.44
11-Jul-19,12.23,5.62
12-Jul-19,13.42,2.76
13-Jul-19,12.21,0.95
14-Jul-19,10.65,2.57
15-Jul-19,11.43,1.37
16-Jul-19,12.65,4.56
17-Jul-19,11.63,0.72
18-Jul-19,11.06,6.37
19-Jul-19,12.29,7.59
20-Jul-19,12.24,5.32
21-Jul-19,11.17,1.6
22-Jul-19,10.36,0.08
23-Jul-19,10.5,2.31
24-Jul-19,11.86,5.51
25-Jul-19,11.96,9.94
26-Jul-19,14.45,24.48
27-Jul-19,13.41,24.94
28-Jul-19,13.39,12.67
29-Jul-19,10.95,31.5
30-Jul-19,11.85,27.93
31-Jul-19,10.26,7.83
01-Aug-19,13.73,4.43
02-Aug-19,13.96,16.31
03-Aug-19,13.36,23.35
04-Aug-19,15.43,6.51
05-Aug-19,12.39,3.03
06-Aug-19,10.92,7.25
07-Aug-19,13.15,26.03
08-Aug-19,13.54,62.3
09-Aug-19,13.99,14.2
10-Aug-19,12.13,4.99
11-Aug-19,10.92,2.98
12-Aug-19,11.96,5.04
13-Aug-19,12.97,19.84
14-Aug-19,14.43,43.22
15-Aug-19,14.56,8.23
16-Aug-19,13.98,2.41
17-Aug-19,12.05,2.34
18-Aug-19,10.23,11.18
19-Aug-19,9.71,21.19
20-Aug-19,11.73,8.79
21-Aug-19,11.5,9.13
22-Aug-19,13.86,7.55
23-Aug-19,12.38,6.38
24-Aug-19,7.92,15.41
25-Aug-19,9.18,16
26-Aug-19,7.98,18.71
27-Aug-19,9.68,10.52
28-Aug-19,10.59,1.51
29-Aug-19,9.67,4.24
30-Aug-19,9.67,9.16
31-Aug-19,8.69,12
01-Sep-19,7.45,10.92
02-Sep-19,8.25,15.98
03-Sep-19,10.38,12.02
04-Sep-19,10.82,20.26
05-Sep-19,9.59,13.62
06-Sep-19,8,17.26
07-Sep-19,8.76,22.45
08-Sep-19,9.72,36.75
09-Sep-19,9.44,9.62
10-Sep-19,9,6.11
11-Sep-19,10.47,3.43
12-Sep-19,11.64,11.6
13-Sep-19,11.19,19.71
14-Sep-19,8.75,1.35
15-Sep-19,7.64,1.16
16-Sep-19,6.63,0.84
17-Sep-19,6.82,2.77
18-Sep-19,5.72,7.32
19-Sep-19,5.57,6.56
20-Sep-19,5.14,2.41
21-Sep-19,5.94,2.14
22-Sep-19,7.36,1.59
23-Sep-19,7.91,2.53
24-Sep-19,6.96,4.63
25-Sep-19,5.48,19.03
26-Sep-19,4.76,21.79
27-Sep-19,5.03,12.65
28-Sep-19,4.19,5.88
29-Sep-19,3.2,20.57
30-Sep-19,3.58,27.07
01-Oct-19,4.93,4.21
02-Oct-19,4.35,2.3
03-Oct-19,3.64,3.44
04-Oct-19,4.05,0.32
05-Oct-19,3.33,0.76
06-Oct-19,2.52,1.88
07-Oct-19,2.73,6.06
08-Oct-19,2.95,4.55
09-Oct-19,3.35,3.05
10-Oct-19,2.39,2.42
11-Oct-19,1.82,2.68
12-Oct-19,2.24,4.36
13-Oct-19,1.75,2.56
14-Oct-19,1.88,0.16
15-Oct-19,1.37,0
16-Oct-19,1.18,0.02
17-Oct-19,1.03,0
18-Oct-19,1.73,2.84
19-Oct-19,1.79,11.54
20-Oct-19,2.47,5.01
21-Oct-19,2.41,15.79
22-Oct-19,1.58,0.96
23-Oct-19,1.48,0.8
24-Oct-19,1.89,10.63
25-Oct-19,1.8,7.79
26-Oct-19,1,1.72
27-Oct-19,0.66,2.93
28-Oct-19,1.05,0.06
29-Oct-19,1.01,1.29
30-Oct-19,1.25,0.87
31-Oct-19,0.46,4.37
01-Nov-19,0.32,0.57
02-Nov-19,0.44,0.13
03-Nov-19,0.49,0
04-Nov-19,0.68,0
05-Nov-19,0.55,0.76
06-Nov-19,0.43,0
07-Nov-19,0.41,0
08-Nov-19,0.24,0
09-Nov-19,0.15,0.07
10-Nov-19,0.29,0
11-Nov-19,0.27,0
12-Nov-19,0.29,0
13-Nov-19,0.21,0
14-Nov-19,0.15,0
15-Nov-19,0.31,0
16-Nov-19,0.12,0
17-Nov-19,0.08,0
18-Nov-19,0.19,0
19-Nov-19,0.67,0
20-Nov-19,0.48,0
21-Nov-19,0.45,0
22-Nov-19,0.23,0
23-Nov-19,0.26,0
24-Nov-19,0.47,0
25-Nov-19,0.48,0
26-Nov-19,0.56,0
27-Nov-19,0.45,0
28-Nov-19,0.31,0
29-Nov-19,0.14,0
30-Nov-19,0.27,0
01-Dec-19,0.23,0
02-Dec-19,0.32,0.03
03-Dec-19,0.08,0.08
04-Dec-19,0.09,0
05-Dec-19,0.34,0
06-Dec-19,0.23,0
07-Dec-19,0.02,0
08-Dec-19,0.06,0
09-Dec-19,0.12,0
10-Dec-19,0.13,0
11-Dec-19,0.42,0
12-Dec-19,0.29,0
13-Dec-19,0.18,0
14-Dec-19,0.29,0.18
15-Dec-19,0.17,0.39
16-Dec-19,0.05,2.52
17-Dec-19,0.12,0.06
18-Dec-19,0.09,0
19-Dec-19,0.18,0
20-Dec-19,0.03,0
21-Dec-19,0.04,0
22-Dec-19,0.03,0
23-Dec-19,0.03,0
24-Dec-19,0.17,0
25-Dec-19,0.32,0
26-Dec-19,0.26,0.58
27-Dec-19,0.1,0.87
28-Dec-19,0.13,0
29-Dec-19,0.07,0
30-Dec-19,0.05,0
31-Dec-19,0.09,0
01-Jan-20,0.24,0.57
02-Jan-20,0.32,3.74
03-Jan-20,0.37,12.02
04-Jan-20,0.3,2.34
05-Jan-20,0.46,0.03
06-Jan-20,0.73,0
07-Jan-20,0.25,0
08-Jan-20,0.23,0
09-Jan-20,0.21,9.67
10-Jan-20,0.24,0.37
11-Jan-20,0.88,0
12-Jan-20,0.54,0
13-Jan-20,0.43,0
14-Jan-20,0.4,0
15-Jan-20,0.43,0
16-Jan-20,0.42,0
17-Jan-20,0.11,0
18-Jan-20,0.14,0.01
19-Jan-20,0.15,0.26
20-Jan-20,0.37,0.08
21-Jan-20,0.77,0
22-Jan-20,0.67,0
23-Jan-20,0.4,0.28
24-Jan-20,0.22,0
25-Jan-20,0.38,0
26-Jan-20,0.29,0
27-Jan-20,0.62,0
28-Jan-20,0.93,0
29-Jan-20,0.7,1.13
30-Jan-20,0.66,0.12
31-Jan-20,0.42,0
01-Feb-20,0.74,0
02-Feb-20,0.34,0
03-Feb-20,0.3,0.1
04-Feb-20,0.43,0.23
05-Feb-20,0.39,3.86
06-Feb-20,0.56,0.23
07-Feb-20,0.6,4.08
08-Feb-20,0.44,8.98
09-Feb-20,0.32,5.11
10-Feb-20,0.56,0.04
11-Feb-20,0.27,0
12-Feb-20,0.54,0
13-Feb-20,0.35,0
14-Feb-20,0.56,0
15-Feb-20,0.64,0
16-Feb-20,0.4,0
17-Feb-20,0.36,0
18-Feb-20,0.53,0
19-Feb-20,1.14,0
20-Feb-20,0.42,0
21-Feb-20,0.62,0
22-Feb-20,0.87,0.01
23-Feb-20,0.7,0.15
24-Feb-20,0.43,6.35
25-Feb-20,0.58,9.5
26-Feb-20,0.33,1.64
27-Feb-20,0.62,0
28-Feb-20,0.7,0
29-Feb-20,0,0
01-Mar-20,0.46,0
02-Mar-20,0.61,0.07
03-Mar-20,0.54,0.41
04-Mar-20,0.54,2.34
05-Mar-20,0.19,2.23
06-Mar-20,0.23,2.21
07-Mar-20,0.2,8.13
08-Mar-20,0.24,4.28
09-Mar-20,0.22,1.09
10-Mar-20,0.23,0.01
11-Mar-20,0.55,1.62
12-Mar-20,0.61,3.08
13-Mar-20,0.35,9.01
14-Mar-20,0.23,7.36
15-Mar-20,0.22,4.79
16-Mar-20,0.37,0.52
17-Mar-20,0.46,0.02
18-Mar-20,0.33,0.53
19-Mar-20,0.26,0.2
20-Mar-20,0.6,3.99
21-Mar-20,0.53,1.73
22-Mar-20,0.6,1.81
23-Mar-20,0.8,0.05
24-Mar-20,0.24,0.07
25-Mar-20,0.82,0
26-Mar-20,1.02,0
27-Mar-20,0.83,0
28-Mar-20,0.5,0.39
29-Mar-20,0.83,0.41
30-Mar-20,0.88,2.28
31-Mar-20,0.73,0
01-Apr-20,0.51,0.01
02-Apr-20,0.48,0.07
03-Apr-20,0.52,0.02
04-Apr-20,0.42,0.04
05-Apr-20,0.5,0.98
06-Apr-20,0.78,0.08
07-Apr-20,0.55,0.22
08-Apr-20,0.54,2.41
09-Apr-20,0.5,2
10-Apr-20,0.56,0.84
11-Apr-20,0.39,0.67
12-Apr-20,0.57,0
13-Apr-20,0.2,0
14-Apr-20,0.24,0.02
15-Apr-20,0.4,0.16
16-Apr-20,0.37,0.37
17-Apr-20,0.36,0.11
18-Apr-20,0.8,0
19-Apr-20,1.06,1.96
20-Apr-20,0.57,0
21-Apr-20,0.37,3.2
22-Apr-20,0.36,0.35
23-Apr-20,0.49,0.45
24-Apr-20,0.54,1.44
25-Apr-20,0.46,2.39
26-Apr-20,0.38,4.62
27-Apr-20,0.49,5.26
28-Apr-20,0.25,4.68
29-Apr-20,0.37,0.21
30-Apr-20,0.59,0.45
01-May-20,0.61,0.4
02-May-20,0.48,0.54
03-May-20,0.64,0.21
04-May-20,0.58,0.94
05-May-20,0.7,3.49
06-May-20,0.75,2.84
07-May-20,0.49,6.06
08-May-20,0.53,0.16
09-May-20,0.36,4.68
13-May-20,1.07,2.18
14-May-20,0.89,0.4
15-May-20,0.8,0.13
16-May-20,0.89,2.06
17-May-20,0.62,2.13
18-May-20,0.74,0.4
19-May-20,0.82,1.77
20-May-20,0.41,0.52
21-May-20,0.53,0.16
22-May-20,0.43,0
23-May-20,0.62,0
24-May-20,0.67,0
25-May-20,0.65,0
26-May-20,0.67,0.2
27-May-20,0.5,0.08
28-May-20,0.68,0.43
29-May-20,1.14,1.78
30-May-20,1.19,8.27
31-May-20,0.72,1.23
01-Jun-20,1.24,6.51
02-Jun-20,1.57,1.01
03-Jun-20,2.58,4.71
04-Jun-20,3.29,3.63
05-Jun-20,2.52,4.95
06-Jun-20,2.85,0.26
07-Jun-20,2.95,0.34
08-Jun-20,2.41,0.62
09-Jun-20,3.49,2.55
10-Jun-20,4.05,1.62
11-Jun-20,5,6.58
12-Jun-20,4.87,10.75
13-Jun-20,4.47,13.86
14-Jun-20,4.32,7.08
15-Jun-20,5.08,9.67
16-Jun-20,4.97,22.76
17-Jun-20,5.64,30.36
18-Jun-20,5.1,16.29
19-Jun-20,6.57,7.45
20-Jun-20,7.37,9.46
21-Jun-20,7.66,22.09
22-Jun-20,7.91,41.04
23-Jun-20,8.33,27.62
24-Jun-20,10.03,3.12
25-Jun-20,10.06,0.38
26-Jun-20,11.14,6.25
27-Jun-20,12.42,4.72
28-Jun-20,12.07,4.05
29-Jun-20,9.33,5.86
30-Jun-20,10.73,4.59
01-Jul-20,11.72,8.59
02-Jul-20,11.2,7.91
03-Jul-20,12.39,4.18
04-Jul-20,12.59,12.76
05-Jul-20,13.44,22.41
06-Jul-20,11.63,27.18
07-Jul-20,11.42,9.72
08-Jul-20,13,1.31
09-Jul-20,10.68,3.64
10-Jul-20,10.36,10.89
11-Jul-20,12.23,5.7
12-Jul-20,13.42,5.67
13-Jul-20,12.21,10.58
29-Jul-20,10.95,16.61
30-Jul-20,11.85,1.85
31-Jul-20,10.26,1.84
01-Aug-20,13.73,3.3
02-Aug-20,13.96,8.17
03-Aug-20,13.36,12.74
04-Aug-20,15.43,10.18
05-Aug-20,12.39,23.23
06-Aug-20,10.92,22.18
07-Aug-20,13.15,10.6
08-Aug-20,13.54,5.99
09-Aug-20,13.99,13.3
10-Aug-20,12.13,19.85
11-Aug-20,10.92,8.31
12-Aug-20,11.96,6.58
13-Aug-20,12.97,21.27
14-Aug-20,14.43,16.67
15-Aug-20,14.56,12.82
16-Aug-20,13.98,38.9
17-Aug-20,12.05,27.22
18-Aug-20,10.23,8.93
19-Aug-20,9.71,9.54
20-Aug-20,11.73,29.05
21-Aug-20,11.5,52.48
22-Aug-20,13.86,11.56
23-Aug-20,12.38,5.94
24-Aug-20,7.92,4.42
25-Aug-20,9.18,0.7
26-Aug-20,7.98,14.83
27-Aug-20,9.68,37.27
28-Aug-20,10.59,60.67
29-Aug-20,9.67,9.1
30-Aug-20,9.67,1.83
31-Aug-20,8.69,0.16
01-Sep-20,7.45,0.21
02-Sep-20,8.25,17.37
03-Sep-20,10.38,5.39
04-Sep-20,10.82,2.28
05-Sep-20,9.59,8.91
06-Sep-20,8,2.74
07-Sep-20,8.76,3.05
08-Sep-20,9.72,3.34
09-Sep-20,9.44,1.99
10-Sep-20,9,4.54
11-Sep-20,10.47,15.38
12-Sep-20,11.64,6.73
13-Sep-20,11.19,2.33
14-Sep-20,8.75,2.33
15-Sep-20,7.64,1.71
16-Sep-20,6.63,0.53
17-Sep-20,6.82,0.82
18-Sep-20,5.72,3.85
19-Sep-20,5.57,8.16
20-Sep-20,5.14,6.33
21-Sep-20,5.94,14.68
22-Sep-20,7.36,28.51
23-Sep-20,7.91,7.07
24-Sep-20,6.96,3.73
25-Sep-20,5.48,3.08
26-Sep-20,4.76,5.31
27-Sep-20,5.03,0.33
28-Sep-20,4.19,0.62
29-Sep-20,3.2,0.66
30-Sep-20,3.58,1.55
01-Oct-20,4.93,0.99
02-Oct-20,4.35,0.92
03-Oct-20,3.64,3.77
04-Oct-20,4.05,15.33
05-Oct-20,3.33,8.34
06-Oct-20,2.52,5.76
07-Oct-20,2.73,6.08
08-Oct-20,2.95,10.91
09-Oct-20,3.35,5.9
10-Oct-20,2.39,6.01
11-Oct-20,1.82,5.74
12-Oct-20,2.24,3.03
13-Oct-20,1.75,2.4
14-Oct-20,1.88,0.51
15-Oct-20,1.37,3.44
16-Oct-20,1.18,0.86
17-Oct-20,1.03,5.03
18-Oct-20,1.73,1.15
19-Oct-20,1.79,1.73
20-Oct-20,2.47,0.89
21-Oct-20,2.41,1.45
22-Oct-20,1.58,0.02
23-Oct-20,1.48,0.08
24-Oct-20,1.89,0
25-Oct-20,1.8,0.01
26-Oct-20,1,0
27-Oct-20,0.66,0
28-Oct-20,1.05,0
29-Oct-20,1.01,0
30-Oct-20,1.25,0
31-Oct-20,0.46,0
01-Nov-20,0.32,0
02-Nov-20,0.44,0
03-Nov-20,0.49,0
04-Nov-20,0.68,0
05-Nov-20,0.55,0
06-Nov-20,0.43,0
07-Nov-20,0.41,0
08-Nov-20,0.24,0
09-Nov-20,0.15,0
10-Nov-20,0.29,0
11-Nov-20,0.27,0
12-Nov-20,0.29,0
13-Nov-20,0.21,0.22
14-Nov-20,0.15,0
15-Nov-20,0.31,0
16-Nov-20,0.12,0
17-Nov-20,0.08,0
18-Nov-20,0.19,0
19-Nov-20,0.67,0.42
20-Nov-20,0.48,1.01
21-Nov-20,0.45,1.21
22-Nov-20,0.23,0.36
23-Nov-20,0.26,0
24-Nov-20,0.47,0
25-Nov-20,0.48,0
26-Nov-20,0.56,0.01
27-Nov-20,0.45,2.07
28-Nov-20,0.31,0.46
29-Nov-20,0.14,0
30-Nov-20,0.27,0
01-Dec-20,0.23,0
02-Dec-20,0.32,0
03-Dec-20,0.08,0
04-Dec-20,0.09,0
05-Dec-20,0.34,0
06-Dec-20,0.23,0
07-Dec-20,0.02,0
08-Dec-20,0.06,0
09-Dec-20,0.12,0
10-Dec-20,0.13,0
11-Dec-20,0.42,0
12-Dec-20,0.29,0
13-Dec-20,0.18,0.01
14-Dec-20,0.29,0.01
15-Dec-20,0.17,0.15
16-Dec-20,0.05,0.27
17-Dec-20,0.12,0.58
18-Dec-20,0.09,0
19-Dec-20,0.18,0
20-Dec-20,0.03,0
21-Dec-20,0.04,0
22-Dec-20,0.03,0
23-Dec-20,0.03,0
24-Dec-20,0.17,0
25-Dec-20,0.32,0
26-Dec-20,0.26,0
27-Dec-20,0.1,0
28-Dec-20,0.13,0
29-Dec-20,0.07,0
30-Dec-20,0.05,0
31-Dec-20,0.09,0
01-Jan-21,0.24,0
02-Jan-21,0.32,0
03-Jan-21,0.37,0
04-Jan-21,0.3,0
05-Jan-21,0.46,0
06-Jan-21,0.73,0
07-Jan-21,0.25,0
08-Jan-21,0.23,0
09-Jan-21,0.21,0
10-Jan-21,0.24,0
11-Jan-21,0.88,0
12-Jan-21,0.54,0
13-Jan-21,0.43,0
14-Jan-21,0.4,0
15-Jan-21,0.43,0
16-Jan-21,0.42,0
17-Jan-21,0.11,0
18-Jan-21,0.14,0
19-Jan-21,0.15,0
20-Jan-21,0.37,0
21-Jan-21,0.77,0
22-Jan-21,0.67,0
23-Jan-21,0.4,0
24-Jan-21,0.22,0
25-Jan-21,0.38,0
26-Jan-21,0.29,0
27-Jan-21,0.62,0
28-Jan-21,0.93,0
29-Jan-21,0.7,1.74
30-Jan-21,0.66,0.73
31-Jan-21,0.42,0
01-Feb-21,0.74,0
02-Feb-21,0.34,0
03-Feb-21,0.3,0
04-Feb-21,0.43,0
05-Feb-21,0.39,0
06-Feb-21,0.56,0
07-Feb-21,0.6,0
08-Feb-21,0.44,0
09-Feb-21,0.32,0
10-Feb-21,0.56,0
11-Feb-21,0.27,0
12-Feb-21,0.54,0
13-Feb-21,0.35,0
14-Feb-21,0.56,0
15-Feb-21,0.64,0
16-Feb-21,0.4,0.01
17-Feb-21,0.36,5.47
18-Feb-21,0.53,0.89
19-Feb-21,1.14,4.01
20-Feb-21,0.42,0.01
21-Feb-21,0.62,0.11
22-Feb-21,0.87,0
23-Feb-21,0.7,0
24-Feb-21,0.43,0
25-Feb-21,0.58,0
26-Feb-21,0.33,0
27-Feb-21,0.62,0
28-Feb-21,0.7,0
01-Mar-21,0.46,0
02-Mar-21,0.61,0
03-Mar-21,0.54,0
04-Mar-21,0.54,0
05-Mar-21,0.19,0
06-Mar-21,0.23,0
07-Mar-21,0.2,0
08-Mar-21,0.24,0
09-Mar-21,0.22,0
10-Mar-21,0.23,0
11-Mar-21,0.55,0
12-Mar-21,0.61,0.06
13-Mar-21,0.35,4.55
14-Mar-21,0.23,0.02
15-Mar-21,0.22,0
16-Mar-21,0.37,0
17-Mar-21,0.46,0
18-Mar-21,0.33,0.24
19-Mar-21,0.26,0.53
20-Mar-21,0.6,0.39
21-Mar-21,0.53,0
22-Mar-21,0.6,0.01
23-Mar-21,0.8,0
24-Mar-21,0.24,0.01
25-Mar-21,0.82,0
26-Mar-21,1.02,0
27-Mar-21,0.83,0
28-Mar-21,0.5,0
29-Mar-21,0.83,0
30-Mar-21,0.88,0
31-Mar-21,0.73,0
01-Apr-21,0.51,0
02-Apr-21,0.48,0
03-Apr-21,0.52,0
04-Apr-21,0.42,0.02
05-Apr-21,0.5,0.08
06-Apr-21,0.78,0
07-Apr-21,0.55,0
08-Apr-21,0.54,0.15
09-Apr-21,0.5,0.97
10-Apr-21,0.56,0.85
11-Apr-21,0.39,1.74
12-Apr-21,0.57,0.01
13-Apr-21,0.2,0.83
14-Apr-21,0.24,0.59
15-Apr-21,0.4,0.6
16-Apr-21,0.37,0.02
17-Apr-21,0.36,0
18-Apr-21,0.8,0.75
19-Apr-21,1.06,0.27
20-Apr-21,0.57,0.25
21-Apr-21,0.37,2.18
22-Apr-21,0.36,3.58
23-Apr-21,0.49,0.02
24-Apr-21,0.54,0.06
25-Apr-21,0.46,0
26-Apr-21,0.38,0
28-Apr-21,0.25,0.03
29-Apr-21,0.37,0
30-Apr-21,0.59,0.98
01-May-21,0.61,0.28
02-May-21,0.48,0.86
03-May-21,0.64,0.74
04-May-21,0.58,5.22
05-May-21,0.7,0.5
06-May-21,0.75,2.18
07-May-21,0.49,2.53
08-May-21,0.53,9.52
09-May-21,0.36,2.39
11-May-21,0.61,7.21
12-May-21,0.63,9.9
13-May-21,1.07,5.3
14-May-21,0.89,3.67
15-May-21,0.8,2.55
16-May-21,0.89,0.02
17-May-21,0.62,0.68
18-May-21,0.74,0.32
19-May-21,0.82,1.74
20-May-21,0.41,1.76
21-May-21,0.53,3.23
22-May-21,0.43,0.7
23-May-21,0.62,0.31
25-May-21,0.65,0.14
26-May-21,0.67,0.5
27-May-21,0.5,6.07
28-May-21,0.68,2.86
29-May-21,1.14,0.01
30-May-21,1.19,0.53
31-May-21,0.72,0.41
01-Jun-21,1.24,4.34
02-Jun-21,1.57,4.81
03-Jun-21,2.58,3.63
04-Jun-21,3.29,9.56
05-Jun-21,2.52,0.69
06-Jun-21,2.85,0.16
07-Jun-21,2.95,0.28
08-Jun-21,2.41,1.51
09-Jun-21,3.49,7.88
10-Jun-21,4.05,22.42
11-Jun-21,5,5.92
13-Jun-21,4.47,9.9
14-Jun-21,4.32,18.61
15-Jun-21,5.08,17.1
16-Jun-21,4.97,9.6
17-Jun-21,5.64,11.14
18-Jun-21,5.1,13.98
19-Jun-21,6.57,11.55
20-Jun-21,7.37,5.59
22-Jun-21,7.91,2.14
26-Jun-21,11.14,4.5
27-Jun-21,12.42,9.95
28-Jun-21,12.07,6.85
30-Jun-21,10.73,0.04
01-Jul-21,11.72,5.67
02-Jul-21,11.2,14.08
03-Jul-21,12.39,10.93
04-Jul-21,12.59,5.64
05-Jul-21,13.44,9.71
06-Jul-21,11.63,10.51
07-Jul-21,11.42,1.85
08-Jul-21,13,27.46
09-Jul-21,10.68,8.21
10-Jul-21,10.36,3.19
11-Jul-21,12.23,4.55
12-Jul-21,13.42,6.04
13-Jul-21,12.21,9.31
16-Jul-21,12.65,0.66
17-Jul-21,11.63,0.26
18-Jul-21,11.06,0.26
19-Jul-21,12.29,9.17
20-Jul-21,12.24,5.18
21-Jul-21,11.17,21.72
22-Jul-21,10.36,14.95
23-Jul-21,10.5,11.64
24-Jul-21,11.86,30.1
25-Jul-21,11.96,10.67
26-Jul-21,14.45,2.76
27-Jul-21,13.41,7.77
28-Jul-21,13.39,26.42
29-Jul-21,10.95,14.26
30-Jul-21,11.85,11.85
31-Jul-21,10.26,16.86
01-Aug-21,13.73,14.16
02-Aug-21,13.96,1.66
03-Aug-21,13.36,4.6
04-Aug-21,15.43,0.76
05-Aug-21,12.39,2.69
06-Aug-21,10.92,2.55
07-Aug-21,13.15,2.28
08-Aug-21,13.54,5.72
09-Aug-21,13.99,6.83
10-Aug-21,12.13,7.58
11-Aug-21,10.92,6.6
12-Aug-21,11.96,4
13-Aug-21,12.97,4.07
14-Aug-21,14.43,3.61
15-Aug-21,14.56,8.27
16-Aug-21,13.98,10.41
17-Aug-21,12.05,16.35
18-Aug-21,10.23,18.73
19-Aug-21,9.71,15.24
20-Aug-21,11.73,10.61
21-Aug-21,11.5,7
22-Aug-21,13.86,10.22
23-Aug-21,12.38,0.97
24-Aug-21,7.92,1.01
25-Aug-21,9.18,2.8
26-Aug-21,7.98,5.04
27-Aug-21,9.68,4.97
28-Aug-21,10.59,8.49
29-Aug-21,9.67,11.79
30-Aug-21,9.67,6.78
31-Aug-21,8.69,4.65
01-Sep-21,7.45,4.54
02-Sep-21,8.25,2.38
03-Sep-21,10.38,5.99
04-Sep-21,10.82,15.08
05-Sep-21,9.59,10.74
06-Sep-21,8,9.63
07-Sep-21,8.76,13.35
08-Sep-21,9.72,12.3
09-Sep-21,9.44,2.29
10-Sep-21,9,9.2
11-Sep-21,10.47,12.9
12-Sep-21,11.64,14.15
13-Sep-21,11.19,12.58
14-Sep-21,8.75,33.45
15-Sep-21,7.64,40.3
16-Sep-21,6.63,17.22
17-Sep-21,6.82,6.33
18-Sep-21,5.72,4.05
19-Sep-21,5.57,3.88
20-Sep-21,5.14,11.56
21-Sep-21,5.94,8.28
22-Sep-21,7.36,3.71
23-Sep-21,7.91,5.93
24-Sep-21,6.96,8.53
25-Sep-21,5.48,1.51
26-Sep-21,4.76,5.37
27-Sep-21,5.03,6.09
28-Sep-21,4.19,5.44
29-Sep-21,3.2,4.75
30-Sep-21,3.58,4.89
01-Oct-21,4.93,4.89
02-Oct-21,4.35,4.57
03-Oct-21,3.64,1.38
04-Oct-21,4.05,1.94
05-Oct-21,3.33,3.67
06-Oct-21,2.52,4.83
07-Oct-21,2.73,0.86
08-Oct-21,2.95,2.57
09-Oct-21,3.35,1.21
10-Oct-21,2.39,0.97
11-Oct-21,1.82,0
12-Oct-21,2.24,0
13-Oct-21,1.75,0.04
14-Oct-21,1.88,0.03
15-Oct-21,1.37,0.12
16-Oct-21,1.18,2.01
17-Oct-21,1.03,2.69
18-Oct-21,1.73,2.25
19-Oct-21,1.79,4.36
20-Oct-21,2.47,4.2
21-Oct-21,2.41,0.01
22-Oct-21,1.58,0.03
23-Oct-21,1.48,0
24-Oct-21,1.89,0
25-Oct-21,1.8,0.01
26-Oct-21,1,0
27-Oct-21,0.66,0
28-Oct-21,1.05,0
29-Oct-21,1.01,0
30-Oct-21,1.25,0.12
31-Oct-21,0.46,0.06
01-Nov-21,0.32,0.03
02-Nov-21,0.44,0.05
03-Nov-21,0.49,1.58
04-Nov-21,0.68,1.06
05-Nov-21,0.55,0
06-Nov-21,0.43,0
07-Nov-21,0.41,0
08-Nov-21,0.24,0
09-Nov-21,0.15,0
10-Nov-21,0.29,0
11-Nov-21,0.27,0
12-Nov-21,0.29,0.01
13-Nov-21,0.21,1.1
14-Nov-21,0.15,12.2
15-Nov-21,0.31,3.68
16-Nov-21,0.12,0.99
17-Nov-21,0.08,0.25
18-Nov-21,0.19,0.06
19-Nov-21,0.67,0.02
20-Nov-21,0.48,0.08
21-Nov-21,0.45,0.06
22-Nov-21,0.23,2.1
23-Nov-21,0.26,0.97
24-Nov-21,0.47,0
25-Nov-21,0.48,0.01
26-Nov-21,0.56,0
27-Nov-21,0.45,0
28-Nov-21,0.31,0
29-Nov-21,0.14,0
30-Nov-21,0.27,0
01-Dec-21,0.23,0
02-Dec-21,0.32,0
03-Dec-21,0.08,0
04-Dec-21,0.09,0.01
05-Dec-21,0.34,0.06
06-Dec-21,0.23,0.18
07-Dec-21,0.02,0
08-Dec-21,0.06,0
09-Dec-21,0.12,0
10-Dec-21,0.13,0.09
11-Dec-21,0.42,0
12-Dec-21,0.29,0
13-Dec-21,0.18,0
14-Dec-21,0.29,0
15-Dec-21,0.17,0
16-Dec-21,0.05,0
17-Dec-21,0.12,0
18-Dec-21,0.09,0
19-Dec-21,0.18,0
20-Dec-21,0.03,0
21-Dec-21,0.04,0
22-Dec-21,0.03,0
23-Dec-21,0.03,0
24-Dec-21,0.17,0
25-Dec-21,0.32,0
26-Dec-21,0.26,0
27-Dec-21,0.1,0
28-Dec-21,0.13,0.03
29-Dec-21,0.07,17.15
30-Dec-21,0.05,11.13
31-Dec-21,0.09,0.14
01-Jan-22,0.24,0
02-Jan-22,0.32,0
03-Jan-22,0.37,0
04-Jan-22,0.3,0
05-Jan-22,0.46,0
06-Jan-22,0.73,0
07-Jan-22,0.25,0
08-Jan-22,0.23,0
09-Jan-22,0.21,0
10-Jan-22,0.24,3.51
11-Jan-22,0.88,4.38
12-Jan-22,0.54,14.93
13-Jan-22,0.43,5.38
14-Jan-22,0.4,3.36
15-Jan-22,0.43,7.18
16-Jan-22,0.42,0.09
17-Jan-22,0.11,0.01
18-Jan-22,0.14,0
19-Jan-22,0.15,0
20-Jan-22,0.37,0
21-Jan-22,0.77,0
22-Jan-22,0.67,0
23-Jan-22,0.4,0.89
24-Jan-22,0.22,0.52
25-Jan-22,0.38,0.02
26-Jan-22,0.29,0
27-Jan-22,0.62,0
28-Jan-22,0.93,0
29-Jan-22,0.7,0
30-Jan-22,0.66,0
31-Jan-22,0.42,0
01-Feb-22,0.74,0
02-Feb-22,0.34,0
03-Feb-22,0.3,0
04-Feb-22,0.43,5.92
05-Feb-22,0.39,0.19
06-Feb-22,0.56,0
07-Feb-22,0.6,0
08-Feb-22,0.44,0
09-Feb-22,0.32,0
10-Feb-22,0.56,1.54
11-Feb-22,0.27,0.02
12-Feb-22,0.54,0
13-Feb-22,0.35,0
14-Feb-22,0.56,0
16-Feb-22,0.4,0
17-Feb-22,0.36,0.1
18-Feb-22,0.53,0.04
19-Feb-22,1.14,0
20-Feb-22,0.42,0.04
21-Feb-22,0.62,0
22-Feb-22,0.87,0
23-Feb-22,0.7,0
24-Feb-22,0.43,0
25-Feb-22,0.58,0.46
26-Feb-22,0.33,0.03
27-Feb-22,0.62,1.78
28-Feb-22,0.7,1.43
01-Mar-22,0.46,0.39
02-Mar-22,0.61,0.14
03-Mar-22,0.54,0
04-Mar-22,0.54,0
05-Mar-22,0.19,0
06-Mar-22,0.23,0
07-Mar-22,0.2,0
08-Mar-22,0.24,0
09-Mar-22,0.22,0
10-Mar-22,0.23,0
11-Mar-22,0.55,0
12-Mar-22,0.61,0
13-Mar-22,0.35,0
14-Mar-22,0.23,0
15-Mar-22,0.22,0
16-Mar-22,0.37,0
17-Mar-22,0.46,0
18-Mar-22,0.33,0
19-Mar-22,0.26,0
20-Mar-22,0.6,0
22-Mar-22,0.6,0.02
23-Mar-22,0.8,0
24-Mar-22,0.24,0.12
25-Mar-22,0.82,0
26-Mar-22,1.02,0.05
27-Mar-22,0.83,0
28-Mar-22,0.5,0
29-Mar-22,0.83,0
30-Mar-22,0.88,0
31-Mar-22,0.73,0
01-Apr-22,0.51,0
02-Apr-22,0.48,0
04-Apr-22,0.42,0
05-Apr-22,0.5,0.21
06-Apr-22,0.78,0.3
08-Apr-22,0.54,0.01
09-Apr-22,0.5,0.21
10-Apr-22,0.56,0
11-Apr-22,0.39,0.01
12-Apr-22,0.57,0.02
13-Apr-22,0.2,0.04
14-Apr-22,0.24,0.1
15-Apr-22,0.4,0
16-Apr-22,0.37,0
17-Apr-22,0.36,1.66
18-Apr-22,0.8,0.05
19-Apr-22,1.06,0.35
20-Apr-22,0.57,0.16
21-Apr-22,0.37,0.04
22-Apr-22,0.36,4.17
23-Apr-22,0.49,0.24
24-Apr-22,0.54,0.29
25-Apr-22,0.46,0
26-Apr-22,0.38,0.17
27-Apr-22,0.49,0.3
28-Apr-22,0.25,0
29-Apr-22,0.37,0.99
30-Apr-22,0.59,0
01-May-22,0.61,0
02-May-22,0.48,0.31
03-May-22,0.64,0.25
04-May-22,0.58,0.81
05-May-22,0.7,1.07
06-May-22,0.75,0.42
07-May-22,0.49,0.6
08-May-22,0.53,0.11
09-May-22,0.36,0.03
10-May-22,0.43,0.01
11-May-22,0.61,0.14
12-May-22,0.63,0.29
13-May-22,1.07,0
14-May-22,0.89,1.63
15-May-22,0.8,0.18
16-May-22,0.89,2.17
17-May-22,0.62,0.07
18-May-22,0.74,0.59
19-May-22,0.82,3.68
20-May-22,0.41,1.49
21-May-22,0.53,0
22-May-22,0.43,1.41
23-May-22,0.62,1.01
24-May-22,0.67,1.91
25-May-22,0.65,2.64
26-May-22,0.67,0.07
27-May-22,0.5,4.11
28-May-22,0.68,0.27
29-May-22,1.14,0.17
30-May-22,1.19,0.88
31-May-22,0.72,0.87
01-Jun-22,1.24,0.1
02-Jun-22,1.57,0.02
03-Jun-22,2.58,0.14
04-Jun-22,3.29,0.01
05-Jun-22,2.52,0.02
06-Jun-22,2.85,0.24
07-Jun-22,2.95,0.01
08-Jun-22,2.41,0.09
09-Jun-22,3.49,0
10-Jun-22,4.05,0.44
11-Jun-22,5,0.29
12-Jun-22,4.87,4.15
13-Jun-22,4.47,1.35
14-Jun-22,4.32,0.96
15-Jun-22,5.08,2.67
16-Jun-22,4.97,12.13
17-Jun-22,5.64,2.26
18-Jun-22,5.1,9.89
19-Jun-22,6.57,10.86
20-Jun-22,7.37,10.02
21-Jun-22,7.66,14.13
22-Jun-22,7.91,3.25
23-Jun-22,8.33,5.73
24-Jun-22,10.03,7.02
25-Jun-22,10.06,13.34
26-Jun-22,11.14,9.48
27-Jun-22,12.42,5.34
28-Jun-22,12.07,4.87
29-Jun-22,9.33,3.09
30-Jun-22,10.73,12.18
01-Jul-22,11.72,7.25
02-Jul-22,11.2,9.22
03-Jul-22,12.39,12.06
04-Jul-22,12.59,18.96
05-Jul-22,13.44,9.99
06-Jul-22,11.63,13.85
07-Jul-22,11.42,15.17
08-Jul-22,13,8.96
09-Jul-22,10.68,20.79
10-Jul-22,10.36,16.72
11-Jul-22,12.23,21.48
12-Jul-22,13.42,28.46
13-Jul-22,12.21,34.33
14-Jul-22,10.65,18.73
15-Jul-22,11.43,26.88
18-Jul-22,11.06,23.6
19-Jul-22,12.29,4.29
20-Jul-22,12.24,1.49
21-Jul-22,11.17,4.02
22-Jul-22,10.36,11.15
23-Jul-22,10.5,28.2
24-Jul-22,11.86,19.72
25-Jul-22,11.96,10.72
26-Jul-22,14.45,12.01
27-Jul-22,13.41,12.71
28-Jul-22,13.39,1.05
29-Jul-22,10.95,5.57
30-Jul-22,11.85,5.97
31-Jul-22,10.26,1.76
01-Aug-22,13.73,2.69
02-Aug-22,13.96,4.42
03-Aug-22,13.36,3.2
04-Aug-22,15.43,16.14
05-Aug-22,12.39,8.73
06-Aug-22,10.92,7.35
07-Aug-22,13.15,12.57
08-Aug-22,13.54,30.42
09-Aug-22,13.99,22.91
10-Aug-22,12.13,41.16
11-Aug-22,10.92,14.01
12-Aug-22,11.96,17.87
13-Aug-22,12.97,20.43
14-Aug-22,14.43,37.78
15-Aug-22,14.56,73.88
16-Aug-22,13.98,19.56
17-Aug-22,12.05,0.64
18-Aug-22,10.23,1.2
19-Aug-22,9.71,2.29
20-Aug-22,11.73,16.42
21-Aug-22,11.5,26.52
22-Aug-22,13.86,5.12
23-Aug-22,12.38,1.75
24-Aug-22,7.92,1.49
25-Aug-22,9.18,27.61
26-Aug-22,7.98,2.16
27-Aug-22,9.68,0.2
28-Aug-22,10.59,2.64
29-Aug-22,9.67,14.39
30-Aug-22,9.67,3.45
31-Aug-22,8.69,3.35
01-Sep-22,7.45,4.69
02-Sep-22,8.25,2.49
03-Sep-22,10.38,2.69
04-Sep-22,10.82,10.91
05-Sep-22,9.59,8.96
06-Sep-22,8,1.3
07-Sep-22,8.76,2.68
08-Sep-22,9.72,5.29
09-Sep-22,9.44,2.69
10-Sep-22,9,9.01
11-Sep-22,10.47,20.79
12-Sep-22,11.64,22.75
13-Sep-22,11.19,14.36
14-Sep-22,8.75,12.04
15-Sep-22,7.64,1.71
16-Sep-22,6.63,1.65
17-Sep-22,6.82,2.46
18-Sep-22,5.72,3.33
19-Sep-22,5.57,15.05
20-Sep-22,5.14,18.67
21-Sep-22,5.94,14.1
22-Sep-22,7.36,7.73
23-Sep-22,7.91,5.94
24-Sep-22,6.96,3.18
25-Sep-22,5.48,0.3
26-Sep-22,4.76,2.03
27-Sep-22,5.03,6.69
28-Sep-22,4.19,3.77
29-Sep-22,3.2,8.86
30-Sep-22,3.58,8.02
01-Oct-22,4.93,2.8
02-Oct-22,4.35,0.15
03-Oct-22,3.64,1.43
04-Oct-22,4.05,5.21
05-Oct-22,3.33,5.63
06-Oct-22,2.52,2.47
07-Oct-22,2.73,4.32
08-Oct-22,2.95,3.32
09-Oct-22,3.35,2.07
10-Oct-22,2.39,1.15
11-Oct-22,1.82,11.37
12-Oct-22,2.24,5.79
13-Oct-22,1.75,8.8
14-Oct-22,1.88,2.11
15-Oct-22,1.37,3.6
16-Oct-22,1.18,1.88
17-Oct-22,1.03,3
18-Oct-22,1.73,4.84
19-Oct-22,1.79,1.43
20-Oct-22,2.47,0.18
21-Oct-22,2.41,0.01
22-Oct-22,1.58,0
23-Oct-22,1.48,0
24-Oct-22,1.89,0
25-Oct-22,1.8,0.04
26-Oct-22,1,0
27-Oct-22,0.66,0
28-Oct-22,1.05,0
29-Oct-22,1.01,0
30-Oct-22,1.25,0
31-Oct-22,0.46,0
01-Nov-22,0.32,0
02-Nov-22,0.44,0
03-Nov-22,0.49,0
04-Nov-22,0.68,0.02
05-Nov-22,0.55,0
06-Nov-22,0.43,0
07-Nov-22,0.41,0
08-Nov-22,0.24,0
09-Nov-22,0.15,0
10-Nov-22,0.29,0
11-Nov-22,0.27,0
12-Nov-22,0.29,0
13-Nov-22,0.21,0
14-Nov-22,0.15,0
15-Nov-22,0.31,0
16-Nov-22,0.12,0
17-Nov-22,0.08,0
18-Nov-22,0.19,0
19-Nov-22,0.67,0
20-Nov-22,0.48,0
21-Nov-22,0.45,0
22-Nov-22,0.23,0
23-Nov-22,0.26,0.01
24-Nov-22,0.47,0
25-Nov-22,0.48,0
26-Nov-22,0.56,0
27-Nov-22,0.45,0
28-Nov-22,0.31,0
29-Nov-22,0.14,0
30-Nov-22,0.27,0
01-Dec-22,0.23,0
02-Dec-22,0.32,0
03-Dec-22,0.08,0
04-Dec-22,0.09,0
05-Dec-22,0.34,0
06-Dec-22,0.23,0
07-Dec-22,0.02,0
08-Dec-22,0.06,0
09-Dec-22,0.12,0
10-Dec-22,0.13,0.07
11-Dec-22,0.42,0.01
12-Dec-22,0.29,0.65
13-Dec-22,0.18,0.92
14-Dec-22,0.29,0.11
15-Dec-22,0.17,0.06
16-Dec-22,0.05,0.47
17-Dec-22,0.12,0
18-Dec-22,0.09,0
19-Dec-22,0.18,0
20-Dec-22,0.03,0
21-Dec-22,0.04,0
22-Dec-22,0.03,0
23-Dec-22,0.03,0
24-Dec-22,0.17,0
25-Dec-22,0.32,0
26-Dec-22,0.26,0
27-Dec-22,0.1,0
28-Dec-22,0.13,0
29-Dec-22,0.07,0
30-Dec-22,0.05,0
31-Dec-22,0.09,0
01-Jan-23,0.24,0
02-Jan-23,0.32,0
03-Jan-23,0.37,0
04-Jan-23,0.3,0.03
05-Jan-23,0.46,0.12
06-Jan-23,0.73,0
07-Jan-23,0.25,0
08-Jan-23,0.23,0
09-Jan-23,0.21,0
10-Jan-23,0.24,0
11-Jan-23,0.88,0
12-Jan-23,0.54,0
13-Jan-23,0.43,0
14-Jan-23,0.4,0
15-Jan-23,0.43,0
16-Jan-23,0.42,0
18-Jan-23,0.14,0
19-Jan-23,0.15,0
20-Jan-23,0.37,0
21-Jan-23,0.77,0
22-Jan-23,0.67,0
23-Jan-23,0.4,0
24-Jan-23,0.22,0
25-Jan-23,0.38,0
26-Jan-23,0.29,0
27-Jan-23,0.62,0
28-Jan-23,0.93,0
29-Jan-23,0.7,0
30-Jan-23,0.66,0
31-Jan-23,0.42,0
01-Feb-23,0.74,0
02-Feb-23,0.34,0
03-Feb-23,0.3,0
04-Feb-23,0.43,0
05-Feb-23,0.39,0
06-Feb-23,0.56,0
07-Feb-23,0.6,0
08-Feb-23,0.44,0
09-Feb-23,0.32,0
10-Feb-23,0.56,0
11-Feb-23,0.27,0
12-Feb-23,0.54,0
13-Feb-23,0.35,0
14-Feb-23,0.56,0
15-Feb-23,0.64,0
16-Feb-23,0.4,0
17-Feb-23,0.36,0
18-Feb-23,0.53,0
19-Feb-23,1.14,0
20-Feb-23,0.42,0
21-Feb-23,0.62,0
22-Feb-23,0.87,0
23-Feb-23,0.7,0
24-Feb-23,0.43,0
25-Feb-23,0.58,0
26-Feb-23,0.33,0
27-Feb-23,0.62,0
28-Feb-23,0.7,0
01-Mar-23,0.46,0
02-Mar-23,0.61,0
03-Mar-23,0.54,0
04-Mar-23,0.54,0
05-Mar-23,0.19,0
06-Mar-23,0.23,0
07-Mar-23,0.2,0
08-Mar-23,0.24,0.06
09-Mar-23,0.22,0
10-Mar-23,0.23,0
11-Mar-23,0.55,0.25
12-Mar-23,0.61,0
13-Mar-23,0.35,0
14-Mar-23,0.23,0
15-Mar-23,0.22,0
16-Mar-23,0.37,0.07
17-Mar-23,0.46,1.87
18-Mar-23,0.33,2.23
19-Mar-23,0.26,15.94
20-Mar-23,0.6,6.54
21-Mar-23,0.53,2.46
22-Mar-23,0.6,2.8
23-Mar-23,0.8,1.09
24-Mar-23,0.24,0.14
25-Mar-23,0.82,0.13
26-Mar-23,1.02,0.65
27-Mar-23,0.83,1.17
28-Mar-23,0.5,0.51
29-Mar-23,0.83,0.52
30-Mar-23,0.88,0.23
31-Mar-23,0.73,2.77
01-Apr-23,0.51,6.67
02-Apr-23,0.48,1.47
03-Apr-23,0.52,0.01
04-Apr-23,0.42,0
05-Apr-23,0.5,0.29
06-Apr-23,0.78,0.44
07-Apr-23,0.55,2.31
08-Apr-23,0.54,0.38
09-Apr-23,0.5,0.19
10-Apr-23,0.56,0.72
11-Apr-23,0.39,0.02
12-Apr-23,0.57,0
13-Apr-23,0.2,0
14-Apr-23,0.24,0.11
15-Apr-23,0.4,0
16-Apr-23,0.37,0
17-Apr-23,0.36,0
18-Apr-23,0.8,0
19-Apr-23,1.06,0.01
20-Apr-23,0.57,0.74
21-Apr-23,0.37,1.87
22-Apr-23,0.36,0.62
23-Apr-23,0.49,7.86
24-Apr-23,0.54,4.11
25-Apr-23,0.46,3.89
26-Apr-23,0.38,4.79
27-Apr-23,0.49,0.45
28-Apr-23,0.25,1.86
29-Apr-23,0.37,1.95
30-Apr-23,0.59,2.83
01-May-23,0.61,8.84
02-May-23,0.48,4.82
03-May-23,0.64,5.46
04-May-23,0.58,0.94
05-May-23,0.7,0.31
06-May-23,0.75,2.5
07-May-23,0.49,0.1
08-May-23,0.53,0.91
09-May-23,0.36,0.07
10-May-23,0.43,1.32
11-May-23,0.61,0.25
12-May-23,0.63,0
13-May-23,1.07,0
14-May-23,0.89,0
15-May-23,0.8,0
16-May-23,0.89,0.03
17-May-23,0.62,0
18-May-23,0.74,0
19-May-23,0.82,0.24
20-May-23,0.41,3.71
21-May-23,0.53,0.72
22-May-23,0.43,3.69
23-May-23,0.62,2.79
24-May-23,0.67,0.34
25-May-23,0.65,0.22
26-May-23,0.67,0.78
27-May-23,0.5,0.4
28-May-23,0.68,1.76
29-May-23,1.14,0.15
30-May-23,1.19,0.47
31-May-23,0.72,0.46
01-Jun-23,1.24,0.14
02-Jun-23,1.57,0.04
03-Jun-23,2.58,0
04-Jun-23,3.29,0.01
05-Jun-23,2.52,0.62
06-Jun-23,2.85,0.51
07-Jun-23,2.95,0.47
08-Jun-23,2.41,0.04
09-Jun-23,3.49,0.03
10-Jun-23,4.05,0.01
11-Jun-23,5,0.12
12-Jun-23,4.87,0.11
14-Jun-23,4.32,0.54
15-Jun-23,5.08,0.72
16-Jun-23,4.97,0.2
17-Jun-23,5.64,0.04
18-Jun-23,5.1,0.29
19-Jun-23,6.57,0.32
20-Jun-23,7.37,0.22
21-Jun-23,7.66,3.44
22-Jun-23,7.91,8.41
23-Jun-23,8.33,18.36
24-Jun-23,10.03,7.36
25-Jun-23,10.06,13.31
26-Jun-23,11.14,34.79
27-Jun-23,12.42,34.8
28-Jun-23,12.07,23.22
29-Jun-23,9.33,11.31
30-Jun-23,10.73,7.84
01-Jul-23,11.72,1.03
02-Jul-23,11.2,0.24
03-Jul-23,12.39,0.51
04-Jul-23,12.59,4.31
05-Jul-23,13.44,11.81
06-Jul-23,11.63,8.85
07-Jul-23,11.42,29.87
08-Jul-23,13,11.3
09-Jul-23,10.68,9.89
10-Jul-23,10.36,1.04
11-Jul-23,12.23,11.73
12-Jul-23,13.42,3.98
13-Jul-23,12.21,1.32
14-Jul-23,10.65,3.73
15-Jul-23,11.43,3.75
16-Jul-23,12.65,18.22
17-Jul-23,11.63,24.56
18-Jul-23,11.06,20.72
19-Jul-23,12.29,19.99
20-Jul-23,12.24,14.26
21-Jul-23,11.17,13.46
22-Jul-23,10.36,15.99
23-Jul-23,10.5,17.05
24-Jul-23,11.86,8.27
25-Jul-23,11.96,7.09
26-Jul-23,14.45,5.14
27-Jul-23,13.41,15.47
28-Jul-23,13.39,13.4
29-Jul-23,10.95,10.96
30-Jul-23,11.85,10.58
31-Jul-23,10.26,2.99
01-Aug-23,13.73,8.77
02-Aug-23,13.96,31.01
03-Aug-23,13.36,57.85
04-Aug-23,15.43,16.45
05-Aug-23,12.39,6.37
06-Aug-23,10.92,3.61
07-Aug-23,13.15,4.75
08-Aug-23,13.54,1.23
09-Aug-23,13.99,0.22
10-Aug-23,12.13,0.81
11-Aug-23,10.92,1.59
12-Aug-23,11.96,2.43
13-Aug-23,12.97,1.1
14-Aug-23,14.43,0.73
15-Aug-23,14.56,3.65
16-Aug-23,13.98,3.54
17-Aug-23,12.05,5.39
18-Aug-23,10.23,21.34
19-Aug-23,9.71,30.47
20-Aug-23,11.73,5.84
21-Aug-23,11.5,0.99
22-Aug-23,13.86,1.18
23-Aug-23,12.38,6.32
24-Aug-23,7.92,9.93
25-Aug-23,9.18,7.01
26-Aug-23,7.98,3.7
27-Aug-23,9.68,4
28-Aug-23,10.59,1.32
29-Aug-23,9.67,0.61
30-Aug-23,9.67,0.61
31-Aug-23,8.69,2.2
01-Sep-23,7.45,0.32
02-Sep-23,8.25,0.83
03-Sep-23,10.38,7.65
04-Sep-23,10.82,20.75
05-Sep-23,9.59,12.25
06-Sep-23,8,12.7
07-Sep-23,8.76,16.53
08-Sep-23,9.72,18.06
09-Sep-23,9.44,8.2
10-Sep-23,9,2.02
11-Sep-23,10.47,4.55
12-Sep-23,11.64,6.9
13-Sep-23,11.19,20.41
14-Sep-23,8.75,28.34
15-Sep-23,7.64,38.58
16-Sep-23,6.63,6.76
17-Sep-23,6.82,0.58
18-Sep-23,5.72,1.53
19-Sep-23,5.57,5.36
20-Sep-23,5.14,3.18
21-Sep-23,5.94,25.72
22-Sep-23,7.36,22.64
23-Sep-23,7.91,18.45
24-Sep-23,6.96,8.63
25-Sep-23,5.48,4.36
26-Sep-23,4.76,3.58
27-Sep-23,5.03,5.87
28-Sep-23,4.19,3.16
29-Sep-23,3.2,8.37
30-Sep-23,3.58,7.87
01-Oct-23,4.93,2.92
02-Oct-23,4.35,7.91
03-Oct-23,3.64,15.89
04-Oct-23,4.05,7.89
05-Oct-23,3.33,1.25
06-Oct-23,2.52,0.26
07-Oct-23,2.73,0.17
08-Oct-23,2.95,0.25
09-Oct-23,3.35,0
10-Oct-23,2.39,0
11-Oct-23,1.82,0
12-Oct-23,2.24,0
13-Oct-23,1.75,0
14-Oct-23,1.88,0
15-Oct-23,1.37,0
16-Oct-23,1.18,0
17-Oct-23,1.03,0
18-Oct-23,1.73,0.85
19-Oct-23,1.79,0.14
20-Oct-23,2.47,0.01
21-Oct-23,2.41,0.03
22-Oct-23,1.58,0
23-Oct-23,1.48,0
24-Oct-23,1.89,0
25-Oct-23,1.8,0
26-Oct-23,1,0
27-Oct-23,0.66,0
28-Oct-23,1.05,0
29-Oct-23,1.01,0
30-Oct-23,1.25,0
31-Oct-23,0.46,0
01-Nov-23,0.32,0
02-Nov-23,0.44,0.23
03-Nov-23,0.49,0.27
04-Nov-23,0.68,1.38
05-Nov-23,0.55,0.03
06-Nov-23,0.43,0.6
07-Nov-23,0.41,0.51
08-Nov-23,0.24,0.04
09-Nov-23,0.15,0
10-Nov-23,0.29,0
11-Nov-23,0.27,0
12-Nov-23,0.29,0
13-Nov-23,0.21,0
14-Nov-23,0.15,0
15-Nov-23,0.31,0
16-Nov-23,0.12,0
17-Nov-23,0.08,0
18-Nov-23,0.19,0
19-Nov-23,0.67,0
20-Nov-23,0.48,0
21-Nov-23,0.45,0
22-Nov-23,0.23,0.02
23-Nov-23,0.26,0
24-Nov-23,0.47,0.08
25-Nov-23,0.48,0.76
26-Nov-23,0.56,0.07
27-Nov-23,0.45,0
28-Nov-23,0.31,0
29-Nov-23,0.14,0.89
30-Nov-23,0.27,0.14
01-Dec-23,0.23,0.07
02-Dec-23,0.32,0.02
03-Dec-23,0.08,0
04-Dec-23,0.09,0
05-Dec-23,0.34,1.12
06-Dec-23,0.23,11.81
07-Dec-23,0.02,16.45
08-Dec-23,0.06,1.99
09-Dec-23,0.12,0.02
10-Dec-23,0.13,0
11-Dec-23,0.42,0
12-Dec-23,0.29,0
13-Dec-23,0.18,0
14-Dec-23,0.29,0
15-Dec-23,0.17,0
16-Dec-23,0.05,0
17-Dec-23,0.12,0
18-Dec-23,0.09,0
19-Dec-23,0.18,0
20-Dec-23,0.03,0
21-Dec-23,0.04,0
22-Dec-23,0.03,0
23-Dec-23,0.03,0
24-Dec-23,0.17,0
25-Dec-23,0.32,0
26-Dec-23,0.26,0
27-Dec-23,0.1,0
28-Dec-23,0.13,0
29-Dec-23,0.07,0
30-Dec-23,0.05,0
31-Dec-23,0.09,0
