Daily rainfall(in mm) trends for Madhya pradesh from 01-Jan-2014 to 31-Dec-2023,,
,,
Dates,NORMAL (mm) ,ACTUAL (mm) 
01-Jan-14,0.31,0.72
02-Jan-14,0.45,0
03-Jan-14,0.34,0.01
04-Jan-14,0.41,0.02
05-Jan-14,0.52,1.21
06-Jan-14,0.4,0.52
07-Jan-14,0.46,0
08-Jan-14,0.51,0
09-Jan-14,0.69,0.09
10-Jan-14,0.6,0.48
11-Jan-14,0.81,1.64
12-Jan-14,0.39,0.1
13-Jan-14,0.62,0
14-Jan-14,0.67,0
15-Jan-14,0.63,0.36
16-Jan-14,0.63,0.4
17-Jan-14,0.59,0.58
18-Jan-14,0.44,7.23
19-Jan-14,0.57,0.93
20-Jan-14,0.72,0
21-Jan-14,0.51,0.19
22-Jan-14,0.51,3.78
23-Jan-14,0.32,6.55
24-Jan-14,0.37,2.76
25-Jan-14,0.55,0.51
26-Jan-14,0.89,0
27-Jan-14,0.98,0
28-Jan-14,1.13,0
29-Jan-14,0.85,0
30-Jan-14,0.44,0
31-Jan-14,0.41,0
01-Feb-14,0.24,0
02-Feb-14,0.17,0
03-Feb-14,0.28,0
04-Feb-14,0.37,0
05-Feb-14,0.45,0
06-Feb-14,0.44,0
07-Feb-14,0.36,0
08-Feb-14,0.34,0
09-Feb-14,0.29,0
10-Feb-14,0.62,0
11-Feb-14,0.23,0
12-Feb-14,0.24,0
13-Feb-14,0.4,0
14-Feb-14,0.55,1.34
15-Feb-14,0.46,1.11
16-Feb-14,0.49,0.57
17-Feb-14,0.46,0.01
18-Feb-14,0.58,0
19-Feb-14,0.92,0
20-Feb-14,0.57,0
21-Feb-14,0.43,0.09
22-Feb-14,0.39,2.61
23-Feb-14,0.34,2.97
24-Feb-14,0.3,1.44
25-Feb-14,0.48,3.32
26-Feb-14,0.33,10.64
27-Feb-14,0.61,9.83
28-Feb-14,0.4,9.49
01-Mar-14,0.35,2.52
02-Mar-14,0.38,2.12
03-Mar-14,0.47,0
04-Mar-14,0.35,0.2
05-Mar-14,0.25,0.07
06-Mar-14,0.14,0.25
07-Mar-14,0.16,0.45
08-Mar-14,0.22,0.06
09-Mar-14,0.24,0.52
10-Mar-14,0.26,0.27
11-Mar-14,0.44,1.83
12-Mar-14,0.39,1.97
13-Mar-14,0.18,1.94
14-Mar-14,0.19,0.19
15-Mar-14,0.13,0.1
16-Mar-14,0.24,0.18
17-Mar-14,0.13,0
18-Mar-14,0.16,0
19-Mar-14,0.19,0
20-Mar-14,0.31,0
21-Mar-14,0.29,0
22-Mar-14,0.37,0
23-Mar-14,0.3,0
24-Mar-14,0.24,0.01
25-Mar-14,0.42,0.38
26-Mar-14,0.48,0.02
27-Mar-14,0.3,0
28-Mar-14,0.3,0
29-Mar-14,0.47,0
30-Mar-14,0.33,0
31-Mar-14,0.24,0
01-Apr-14,0.21,0
02-Apr-14,0.19,0
03-Apr-14,0.18,0
04-Apr-14,0.14,0
05-Apr-14,0.11,0
06-Apr-14,0.18,0
07-Apr-14,0.18,0
08-Apr-14,0.15,0
09-Apr-14,0.09,0
10-Apr-14,0.1,0
11-Apr-14,0.04,0
12-Apr-14,0.07,0
13-Apr-14,0.28,0
14-Apr-14,0.11,0
15-Apr-14,0.14,0.69
16-Apr-14,0.16,0.48
17-Apr-14,0.15,0.16
18-Apr-14,0.19,1.33
19-Apr-14,0.28,1
20-Apr-14,0.18,0.74
21-Apr-14,0.12,0.06
22-Apr-14,0.06,0.08
23-Apr-14,0.07,0.24
24-Apr-14,0.07,0
25-Apr-14,0.1,0
26-Apr-14,0.04,0
27-Apr-14,0.09,0
28-Apr-14,0.07,0
29-Apr-14,0.06,0
30-Apr-14,0.13,0.01
01-May-14,0.12,0.06
02-May-14,0.1,0.01
03-May-14,0.11,0.02
04-May-14,0.19,0.04
05-May-14,0.17,0.15
06-May-14,0.09,0.52
07-May-14,0.07,0.1
08-May-14,0.07,0.13
09-May-14,0.12,0.27
10-May-14,0.15,0
11-May-14,0.09,0
12-May-14,0.12,0.02
13-May-14,0.13,0
14-May-14,0.21,0.28
15-May-14,0.26,0.11
16-May-14,0.21,0
17-May-14,0.13,0.04
18-May-14,0.2,0.11
19-May-14,0.27,0.06
20-May-14,0.19,0
21-May-14,0.21,0.01
22-May-14,0.21,0
23-May-14,0.17,0
24-May-14,0.19,0
25-May-14,0.25,0.06
26-May-14,0.28,0.35
27-May-14,0.4,0.09
28-May-14,0.4,0.01
29-May-14,0.62,0
30-May-14,0.74,0
31-May-14,1.03,0.03
01-Jun-14,1.2,0.25
02-Jun-14,1.11,0.11
03-Jun-14,0.91,0.05
04-Jun-14,0.94,0.05
05-Jun-14,1.29,0.07
06-Jun-14,1.45,0.09
07-Jun-14,2.21,0
08-Jun-14,2.32,0
09-Jun-14,2.04,0
10-Jun-14,2.17,0.14
11-Jun-14,2.34,0.05
12-Jun-14,2.46,4.58
13-Jun-14,2.72,0.32
14-Jun-14,2.83,0.29
15-Jun-14,3.1,3.6
16-Jun-14,3.22,1.91
17-Jun-14,3.67,2.31
18-Jun-14,4.27,10.64
19-Jun-14,4.2,10.78
20-Jun-14,4.14,3
21-Jun-14,4.77,6.22
22-Jun-14,5.62,2.44
23-Jun-14,5.99,0.25
24-Jun-14,6.22,1.32
25-Jun-14,7.98,0.45
26-Jun-14,7.95,0.95
27-Jun-14,9.65,2.38
28-Jun-14,9.93,3.12
29-Jun-14,8.56,0.97
30-Jun-14,8.24,0.58
01-Jul-14,9.4,0
02-Jul-14,9.3,0.38
03-Jul-14,9.02,0.51
04-Jul-14,9.27,1.87
05-Jul-14,10.2,4.12
06-Jul-14,12.6,7.94
07-Jul-14,11.63,5.23
08-Jul-14,10.72,1.02
09-Jul-14,11,1.99
10-Jul-14,10.03,1.07
11-Jul-14,10.82,2.12
12-Jul-14,11.88,9.01
13-Jul-14,12.85,6.53
14-Jul-14,10.57,16.01
15-Jul-14,10.1,14.51
16-Jul-14,10.44,23.57
17-Jul-14,10.37,12.78
18-Jul-14,10.15,9.23
19-Jul-14,11.07,14.71
20-Jul-14,11.55,22.08
21-Jul-14,11.18,11.24
22-Jul-14,11.18,25.73
23-Jul-14,10.81,47.02
24-Jul-14,10.78,19.01
25-Jul-14,11.19,4.03
26-Jul-14,12.77,5.47
27-Jul-14,11.94,5.05
28-Jul-14,12.16,11.4
29-Jul-14,11.54,17.24
30-Jul-14,10.73,7.09
31-Jul-14,10.68,8.64
01-Aug-14,12.07,10.91
02-Aug-14,11.53,9.57
03-Aug-14,13.06,5.16
04-Aug-14,13.91,7.68
05-Aug-14,13.58,34.23
06-Aug-14,12.39,54.21
07-Aug-14,11.84,18.77
08-Aug-14,13.15,3.82
09-Aug-14,13.09,2.2
10-Aug-14,13.21,4.02
11-Aug-14,11.15,11.59
12-Aug-14,10.29,10.49
13-Aug-14,10.52,3.49
14-Aug-14,11.46,2.04
15-Aug-14,12.81,0.52
16-Aug-14,13.73,0.71
17-Aug-14,12.4,1.24
18-Aug-14,11.46,0.34
19-Aug-14,11.43,0.42
20-Aug-14,10.46,1.13
21-Aug-14,9.42,0.82
22-Aug-14,9.16,2.68
23-Aug-14,10.81,4.57
24-Aug-14,9.39,3.05
25-Aug-14,9.11,1.27
26-Aug-14,9.13,1.86
27-Aug-14,8.12,1.54
28-Aug-14,8.79,1.91
29-Aug-14,10.08,10.36
30-Aug-14,10.11,8.92
31-Aug-14,10.43,6.18
01-Sep-14,9.52,9.95
02-Sep-14,9.36,16.9
03-Sep-14,9.5,17.95
04-Sep-14,9.18,9.47
05-Sep-14,10.54,5.87
06-Sep-14,8.96,5.13
07-Sep-14,7.61,11.43
08-Sep-14,8.26,34.19
09-Sep-14,9.2,10.57
10-Sep-14,7.75,4.68
11-Sep-14,7.19,9.37
12-Sep-14,7.74,6.22
13-Sep-14,6.9,7.22
14-Sep-14,7.28,2.73
15-Sep-14,8.54,3.44
16-Sep-14,6.97,2.52
17-Sep-14,5.61,2.42
18-Sep-14,4.5,1.59
19-Sep-14,3.67,1.9
20-Sep-14,4.13,0.47
21-Sep-14,4.34,2.47
22-Sep-14,4.76,0.71
23-Sep-14,4.88,0.08
24-Sep-14,4.16,0
25-Sep-14,3.69,0
26-Sep-14,3,0
27-Sep-14,3.18,0.13
28-Sep-14,2.51,0.15
29-Sep-14,2.37,0.16
30-Sep-14,2.14,0.01
01-Oct-14,1.87,0.2
02-Oct-14,2.51,0.2
03-Oct-14,2.52,0.03
04-Oct-14,2.82,0.38
05-Oct-14,1.83,0.11
06-Oct-14,1.63,0.34
07-Oct-14,1.77,1.19
08-Oct-14,1.82,1.72
09-Oct-14,2.09,1.07
10-Oct-14,2.02,0.19
11-Oct-14,1.86,0.01
12-Oct-14,1.72,0
13-Oct-14,1.76,1.08
14-Oct-14,0.76,26.21
15-Oct-14,0.38,0.15
16-Oct-14,0.36,0.06
17-Oct-14,0.71,0
18-Oct-14,1.13,0.16
19-Oct-14,1.29,0.22
20-Oct-14,0.55,0.51
21-Oct-14,0.57,0.06
22-Oct-14,0.26,0
23-Oct-14,0.33,0
24-Oct-14,0.39,0
25-Oct-14,0.23,0
26-Oct-14,0.11,0.01
27-Oct-14,0.24,0.02
28-Oct-14,0.23,0
29-Oct-14,0.34,0
30-Oct-14,0.56,0
31-Oct-14,0.53,0
01-Nov-14,0.75,0
02-Nov-14,0.12,0
03-Nov-14,0.14,0
04-Nov-14,0.15,0
05-Nov-14,0.35,0
06-Nov-14,0.57,0
07-Nov-14,0.68,0
08-Nov-14,0.52,0
09-Nov-14,0.55,0
10-Nov-14,0.78,0
11-Nov-14,0.6,0
12-Nov-14,0.24,1.71
13-Nov-14,0.26,0.13
14-Nov-14,0.31,0.06
15-Nov-14,0.24,0.02
16-Nov-14,0.1,0.01
17-Nov-14,0.11,0.12
18-Nov-14,0.29,0
19-Nov-14,0.36,0
20-Nov-14,0.59,0
21-Nov-14,0.26,0
22-Nov-14,0.54,0
23-Nov-14,0.54,0
24-Nov-14,0.7,0
25-Nov-14,0.28,0
26-Nov-14,0.46,0
27-Nov-14,0.32,0
28-Nov-14,0.73,0
29-Nov-14,0.59,0
30-Nov-14,0.44,0
01-Dec-14,0.46,0
02-Dec-14,0.3,0
03-Dec-14,0.14,0
04-Dec-14,0.21,0
05-Dec-14,0.49,0
06-Dec-14,0.17,0
07-Dec-14,0.13,0
08-Dec-14,0.22,0
09-Dec-14,0.24,0
10-Dec-14,0.35,0
11-Dec-14,0.45,0
12-Dec-14,0.35,0.09
13-Dec-14,0.28,4.54
14-Dec-14,0.16,6.49
15-Dec-14,0.04,3.16
16-Dec-14,0.19,0.12
17-Dec-14,0.13,0
18-Dec-14,0.17,0
19-Dec-14,0.12,0
20-Dec-14,0.29,0
21-Dec-14,0.15,0
22-Dec-14,0.14,0
23-Dec-14,0.45,0
24-Dec-14,0.43,0
25-Dec-14,0.29,0
26-Dec-14,0.2,0
27-Dec-14,0.24,0
28-Dec-14,0.21,0
29-Dec-14,0.3,0
30-Dec-14,0.14,0
31-Dec-14,0.2,0.17
01-Jan-15,0.31,13.59
02-Jan-15,0.45,13.45
03-Jan-15,0.34,1.87
04-Jan-15,0.41,0.48
05-Jan-15,0.52,0
06-Jan-15,0.4,0
07-Jan-15,0.46,0
08-Jan-15,0.51,0
09-Jan-15,0.69,0
10-Jan-15,0.6,0
11-Jan-15,0.81,0
12-Jan-15,0.39,0
13-Jan-15,0.62,0
14-Jan-15,0.67,0
15-Jan-15,0.63,0.03
16-Jan-15,0.63,0
17-Jan-15,0.59,0
18-Jan-15,0.44,0
19-Jan-15,0.57,0
20-Jan-15,0.72,0
21-Jan-15,0.51,0
22-Jan-15,0.51,0.5
23-Jan-15,0.32,2.48
24-Jan-15,0.37,0.23
25-Jan-15,0.55,0.77
26-Jan-15,0.89,2.48
27-Jan-15,0.98,0.72
28-Jan-15,1.13,0.74
29-Jan-15,0.85,1.43
30-Jan-15,0.44,0.23
31-Jan-15,0.41,0
01-Feb-15,0.24,0
02-Feb-15,0.17,0
03-Feb-15,0.28,0
04-Feb-15,0.37,0.03
05-Feb-15,0.45,0
06-Feb-15,0.44,0
07-Feb-15,0.36,0.48
08-Feb-15,0.34,1.13
09-Feb-15,0.29,2.53
10-Feb-15,0.62,0.27
11-Feb-15,0.23,1.6
12-Feb-15,0.24,1.18
13-Feb-15,0.4,0.68
14-Feb-15,0.55,0
15-Feb-15,0.46,0
16-Feb-15,0.49,0
17-Feb-15,0.46,0
18-Feb-15,0.58,0
19-Feb-15,0.92,0
20-Feb-15,0.57,0
21-Feb-15,0.43,0.04
22-Feb-15,0.39,0
23-Feb-15,0.34,0
24-Feb-15,0.3,0
25-Feb-15,0.48,0
26-Feb-15,0.33,0.02
27-Feb-15,0.61,0
28-Feb-15,0.4,0.04
01-Mar-15,0.35,9.57
02-Mar-15,0.38,17.98
03-Mar-15,0.47,1.55
04-Mar-15,0.35,0.43
05-Mar-15,0.25,0
06-Mar-15,0.14,0
07-Mar-15,0.16,0
08-Mar-15,0.22,0
09-Mar-15,0.24,0.06
10-Mar-15,0.26,0.42
11-Mar-15,0.44,0.25
12-Mar-15,0.39,0.89
13-Mar-15,0.18,2
14-Mar-15,0.19,4.8
15-Mar-15,0.13,11.25
16-Mar-15,0.24,6.68
17-Mar-15,0.13,2.48
18-Mar-15,0.16,0
19-Mar-15,0.19,0
20-Mar-15,0.31,0
21-Mar-15,0.29,0
22-Mar-15,0.37,0
23-Mar-15,0.3,0
24-Mar-15,0.24,0
25-Mar-15,0.42,0
26-Mar-15,0.48,0
27-Mar-15,0.3,0
28-Mar-15,0.3,0.05
29-Mar-15,0.47,0.01
30-Mar-15,0.33,0.65
31-Mar-15,0.24,1.17
01-Apr-15,0.21,0
02-Apr-15,0.19,0
03-Apr-15,0.18,0.01
04-Apr-15,0.14,0
05-Apr-15,0.11,0.1
06-Apr-15,0.18,0.25
07-Apr-15,0.18,0.18
08-Apr-15,0.15,0.2
09-Apr-15,0.09,0.83
10-Apr-15,0.1,0.22
11-Apr-15,0.04,0.21
12-Apr-15,0.07,3.03
13-Apr-15,0.28,6.11
14-Apr-15,0.11,2.54
15-Apr-15,0.14,3.74
16-Apr-15,0.16,1.26
17-Apr-15,0.15,0.32
18-Apr-15,0.19,0
19-Apr-15,0.28,0
20-Apr-15,0.18,0
21-Apr-15,0.12,0
22-Apr-15,0.06,0
23-Apr-15,0.07,0
24-Apr-15,0.07,0
25-Apr-15,0.1,0.02
26-Apr-15,0.04,0.18
27-Apr-15,0.09,0.29
28-Apr-15,0.07,0
29-Apr-15,0.06,0.05
30-Apr-15,0.13,0
01-May-15,0.12,0
02-May-15,0.1,0
03-May-15,0.11,0
04-May-15,0.19,0.06
05-May-15,0.17,0.09
06-May-15,0.09,0
07-May-15,0.07,0
08-May-15,0.07,0
09-May-15,0.12,0
10-May-15,0.15,0.04
11-May-15,0.09,0.06
12-May-15,0.12,0.16
13-May-15,0.13,0.35
14-May-15,0.21,0.63
15-May-15,0.26,1.6
16-May-15,0.21,0.03
17-May-15,0.13,0.74
18-May-15,0.2,0.04
19-May-15,0.27,0
20-May-15,0.19,0.05
21-May-15,0.21,0
22-May-15,0.21,0
23-May-15,0.17,0
24-May-15,0.19,0
25-May-15,0.25,0.01
26-May-15,0.28,0
27-May-15,0.4,0.09
28-May-15,0.4,0
29-May-15,0.62,0.09
30-May-15,0.74,0
31-May-15,1.03,0
01-Jun-15,1.2,0.04
02-Jun-15,1.11,0.38
03-Jun-15,0.91,0.75
04-Jun-15,0.94,0.34
05-Jun-15,1.29,0.15
06-Jun-15,1.45,0.24
07-Jun-15,2.21,0.37
08-Jun-15,2.32,0.16
09-Jun-15,2.04,0.58
10-Jun-15,2.17,0.7
11-Jun-15,2.34,5.81
12-Jun-15,2.46,1.95
13-Jun-15,2.72,13.09
14-Jun-15,2.83,13.93
15-Jun-15,3.1,4.29
16-Jun-15,3.22,5.77
17-Jun-15,3.67,4.26
18-Jun-15,4.27,5.5
19-Jun-15,4.2,6.77
20-Jun-15,4.14,3.36
21-Jun-15,4.77,3.73
22-Jun-15,5.62,11.08
23-Jun-15,5.99,19.77
24-Jun-15,6.22,7.07
25-Jun-15,7.98,12.59
26-Jun-15,7.95,4.28
27-Jun-15,9.65,0.7
28-Jun-15,9.93,3.26
29-Jun-15,8.56,12.1
30-Jun-15,8.24,5.64
01-Jul-15,9.4,3.27
02-Jul-15,9.3,6.23
03-Jul-15,9.02,6.3
04-Jul-15,9.27,2.08
05-Jul-15,10.2,0.07
06-Jul-15,12.6,1.24
07-Jul-15,11.63,1.31
08-Jul-15,10.72,4.48
09-Jul-15,11,16.73
10-Jul-15,10.03,22.48
11-Jul-15,10.82,23.12
12-Jul-15,11.88,12.37
13-Jul-15,12.85,2.66
14-Jul-15,10.57,0.8
15-Jul-15,10.1,1.05
16-Jul-15,10.44,1.84
17-Jul-15,10.37,7.34
18-Jul-15,10.15,14.53
19-Jul-15,11.07,33.52
20-Jul-15,11.55,36.81
21-Jul-15,11.18,24.39
22-Jul-15,11.18,9.23
23-Jul-15,10.81,7.46
24-Jul-15,10.78,28.84
25-Jul-15,11.19,25.58
26-Jul-15,12.77,33.53
27-Jul-15,11.94,9.8
28-Jul-15,12.16,6.82
29-Jul-15,11.54,3.73
30-Jul-15,10.73,1.83
31-Jul-15,10.68,0.21
01-Aug-15,12.07,0.95
02-Aug-15,11.53,2.89
03-Aug-15,13.06,14.78
04-Aug-15,13.91,38.41
05-Aug-15,13.58,32.5
06-Aug-15,12.39,12.85
07-Aug-15,11.84,2.52
08-Aug-15,13.15,4.45
09-Aug-15,13.09,8.95
10-Aug-15,13.21,8.76
11-Aug-15,11.15,10.64
12-Aug-15,10.29,17.23
13-Aug-15,10.52,9.23
14-Aug-15,11.46,16.86
15-Aug-15,12.81,14
16-Aug-15,13.73,14.93
17-Aug-15,12.4,11.71
18-Aug-15,11.46,10.24
19-Aug-15,11.43,10.52
20-Aug-15,10.46,1.3
21-Aug-15,9.42,0.59
22-Aug-15,9.16,0.4
23-Aug-15,10.81,0.84
24-Aug-15,9.39,0.07
25-Aug-15,9.11,0.24
26-Aug-15,9.13,0.78
27-Aug-15,8.12,2.88
28-Aug-15,8.79,5.98
29-Aug-15,10.08,5.38
30-Aug-15,10.11,10.66
31-Aug-15,10.43,6.64
01-Sep-15,9.52,4.06
02-Sep-15,9.36,2.79
03-Sep-15,9.5,2.01
04-Sep-15,9.18,1.6
05-Sep-15,10.54,0.71
06-Sep-15,8.96,0.27
07-Sep-15,7.61,0.78
08-Sep-15,8.26,0.99
09-Sep-15,9.2,0.7
10-Sep-15,7.75,0.31
11-Sep-15,7.19,0.34
12-Sep-15,7.74,0.19
13-Sep-15,6.9,1.95
14-Sep-15,7.28,4.03
15-Sep-15,8.54,4.12
16-Sep-15,6.97,2.13
17-Sep-15,5.61,5.14
18-Sep-15,4.5,16.4
19-Sep-15,3.67,3.94
20-Sep-15,4.13,1.18
21-Sep-15,4.34,9.45
22-Sep-15,4.76,3.34
23-Sep-15,4.88,0.19
24-Sep-15,4.16,0.03
25-Sep-15,3.69,0
26-Sep-15,3,0
27-Sep-15,3.18,0
28-Sep-15,2.51,0
29-Sep-15,2.37,0.05
30-Sep-15,2.14,0
01-Oct-15,1.87,0
02-Oct-15,2.51,0
03-Oct-15,2.52,0
04-Oct-15,2.82,0
05-Oct-15,1.83,0
06-Oct-15,1.63,0
07-Oct-15,1.77,0
08-Oct-15,1.82,0
09-Oct-15,2.09,0
10-Oct-15,2.02,0
11-Oct-15,1.86,0
12-Oct-15,1.72,0
13-Oct-15,1.76,0
14-Oct-15,0.76,0.02
15-Oct-15,0.38,0.19
16-Oct-15,0.36,0.02
17-Oct-15,0.71,0
18-Oct-15,1.13,0
19-Oct-15,1.29,0
20-Oct-15,0.55,0
21-Oct-15,0.57,0
22-Oct-15,0.26,0.4
23-Oct-15,0.33,0.32
24-Oct-15,0.39,0
25-Oct-15,0.23,0.17
26-Oct-15,0.11,0.74
27-Oct-15,0.24,0.47
28-Oct-15,0.23,2.5
29-Oct-15,0.34,14.29
30-Oct-15,0.56,4.17
31-Oct-15,0.53,0.19
01-Nov-15,0.75,0
02-Nov-15,0.12,0.01
03-Nov-15,0.14,0
04-Nov-15,0.15,0
05-Nov-15,0.35,0
06-Nov-15,0.57,0.02
07-Nov-15,0.68,0
08-Nov-15,0.52,0.24
09-Nov-15,0.55,0.07
10-Nov-15,0.78,0.13
11-Nov-15,0.6,0.07
12-Nov-15,0.24,0
13-Nov-15,0.26,0
14-Nov-15,0.31,0
15-Nov-15,0.24,0
16-Nov-15,0.1,0
17-Nov-15,0.11,0
18-Nov-15,0.29,0
19-Nov-15,0.36,0
20-Nov-15,0.59,0
21-Nov-15,0.26,0
22-Nov-15,0.54,0
23-Nov-15,0.54,0
24-Nov-15,0.7,0.13
25-Nov-15,0.28,0
26-Nov-15,0.46,0
27-Nov-15,0.32,0
28-Nov-15,0.73,0
29-Nov-15,0.59,0
30-Nov-15,0.44,0.04
01-Dec-15,0.46,0
02-Dec-15,0.3,0.84
03-Dec-15,0.14,0.14
04-Dec-15,0.21,0
05-Dec-15,0.49,0
06-Dec-15,0.17,0
07-Dec-15,0.13,0
08-Dec-15,0.22,0
09-Dec-15,0.24,0
10-Dec-15,0.35,0
11-Dec-15,0.45,0
12-Dec-15,0.35,0
13-Dec-15,0.28,0
14-Dec-15,0.16,0
15-Dec-15,0.04,0
16-Dec-15,0.19,0
17-Dec-15,0.13,0
18-Dec-15,0.17,0
19-Dec-15,0.12,0
20-Dec-15,0.29,0
21-Dec-15,0.15,0.1
22-Dec-15,0.14,0
23-Dec-15,0.45,0
24-Dec-15,0.43,0
25-Dec-15,0.29,0
26-Dec-15,0.2,0
27-Dec-15,0.24,0
28-Dec-15,0.21,0
29-Dec-15,0.3,0
30-Dec-15,0.14,0
31-Dec-15,0.2,0
01-Jan-16,0.31,0
02-Jan-16,0.45,0
03-Jan-16,0.34,0
04-Jan-16,0.41,0
05-Jan-16,0.52,0
06-Jan-16,0.4,0
07-Jan-16,0.46,0
08-Jan-16,0.51,0.02
09-Jan-16,0.69,0
10-Jan-16,0.6,0
11-Jan-16,0.81,0
12-Jan-16,0.39,0
13-Jan-16,0.62,0
14-Jan-16,0.67,0
15-Jan-16,0.63,0
16-Jan-16,0.63,0
17-Jan-16,0.59,0.9
18-Jan-16,0.44,0.7
19-Jan-16,0.57,5.49
20-Jan-16,0.72,3.86
21-Jan-16,0.51,0
22-Jan-16,0.51,0
23-Jan-16,0.32,0
24-Jan-16,0.37,0
25-Jan-16,0.55,0
26-Jan-16,0.89,0
27-Jan-16,0.98,0
28-Jan-16,1.13,0
29-Jan-16,0.85,0
30-Jan-16,0.44,0
31-Jan-16,0.41,0
01-Feb-16,0.24,0
02-Feb-16,0.17,0
03-Feb-16,0.28,0
04-Feb-16,0.37,0
05-Feb-16,0.45,0
06-Feb-16,0.44,0
07-Feb-16,0.36,0
08-Feb-16,0.34,0
09-Feb-16,0.29,0
10-Feb-16,0.62,0
11-Feb-16,0.23,0.02
12-Feb-16,0.24,0
13-Feb-16,0.4,0.01
14-Feb-16,0.55,0
15-Feb-16,0.46,0
16-Feb-16,0.49,0.11
17-Feb-16,0.46,0.03
18-Feb-16,0.58,0
19-Feb-16,0.92,0
20-Feb-16,0.57,0
21-Feb-16,0.43,0
22-Feb-16,0.39,0
23-Feb-16,0.34,0
24-Feb-16,0.3,0
25-Feb-16,0.48,0
26-Feb-16,0.33,0
27-Feb-16,0.61,0.62
28-Feb-16,0.4,0
29-Feb-16,0,0.13
01-Mar-16,0.35,0.41
02-Mar-16,0.38,0.01
03-Mar-16,0.47,0.01
04-Mar-16,0.35,0.01
05-Mar-16,0.25,0.08
06-Mar-16,0.14,0.4
07-Mar-16,0.16,1.33
08-Mar-16,0.22,0.49
09-Mar-16,0.24,0.1
10-Mar-16,0.26,0
11-Mar-16,0.44,0
12-Mar-16,0.39,0.13
13-Mar-16,0.18,1.64
14-Mar-16,0.19,2.58
15-Mar-16,0.13,0.13
16-Mar-16,0.24,0.05
17-Mar-16,0.13,0
18-Mar-16,0.16,0
19-Mar-16,0.19,0.01
20-Mar-16,0.31,0
21-Mar-16,0.29,0
22-Mar-16,0.37,0
23-Mar-16,0.3,0
24-Mar-16,0.24,0
25-Mar-16,0.42,0
26-Mar-16,0.48,0
27-Mar-16,0.3,0
28-Mar-16,0.3,0.69
29-Mar-16,0.47,0
30-Mar-16,0.33,0
31-Mar-16,0.24,0
01-Apr-16,0.21,0
02-Apr-16,0.19,0
03-Apr-16,0.18,0
04-Apr-16,0.14,0
05-Apr-16,0.11,0
06-Apr-16,0.18,0
07-Apr-16,0.18,0
08-Apr-16,0.15,0
09-Apr-16,0.09,0
10-Apr-16,0.1,0
11-Apr-16,0.04,0.01
12-Apr-16,0.07,0
13-Apr-16,0.28,0
14-Apr-16,0.11,0
15-Apr-16,0.14,0
16-Apr-16,0.16,0
17-Apr-16,0.15,0
18-Apr-16,0.19,0
19-Apr-16,0.28,0
20-Apr-16,0.18,0
21-Apr-16,0.12,0.01
22-Apr-16,0.06,0
23-Apr-16,0.07,0
24-Apr-16,0.07,0
25-Apr-16,0.1,0
26-Apr-16,0.04,0
27-Apr-16,0.09,0
28-Apr-16,0.07,0.02
29-Apr-16,0.06,0
30-Apr-16,0.13,0
01-May-16,0.12,0.04
02-May-16,0.1,0
03-May-16,0.11,0
04-May-16,0.19,0.24
05-May-16,0.17,0.58
06-May-16,0.09,1.12
07-May-16,0.07,0.45
08-May-16,0.07,0.02
09-May-16,0.12,0.2
10-May-16,0.15,1.25
11-May-16,0.09,0.29
12-May-16,0.12,0.07
13-May-16,0.13,0.1
14-May-16,0.21,0.07
15-May-16,0.26,0
16-May-16,0.21,0
17-May-16,0.13,0.01
18-May-16,0.2,0.57
19-May-16,0.27,0
20-May-16,0.19,0
21-May-16,0.21,0.01
22-May-16,0.21,0.16
23-May-16,0.17,0.17
24-May-16,0.19,0.91
25-May-16,0.25,0.2
26-May-16,0.28,1.2
27-May-16,0.4,0.01
28-May-16,0.4,0.32
29-May-16,0.62,0.1
30-May-16,0.74,1.77
31-May-16,1.03,0.81
01-Jun-16,1.2,0.02
02-Jun-16,1.11,0.01
03-Jun-16,0.91,0
04-Jun-16,0.94,0.02
05-Jun-16,1.29,0.01
06-Jun-16,1.45,0.57
07-Jun-16,2.21,1.33
08-Jun-16,2.32,0.31
09-Jun-16,2.04,0.6
10-Jun-16,2.17,0.5
11-Jun-16,2.34,0.07
12-Jun-16,2.46,0.88
13-Jun-16,2.72,1.25
14-Jun-16,2.83,0.15
15-Jun-16,3.1,0.03
16-Jun-16,3.22,1
17-Jun-16,3.67,2.03
18-Jun-16,4.27,4.89
19-Jun-16,4.2,7.38
20-Jun-16,4.14,3.48
21-Jun-16,4.77,9.99
22-Jun-16,5.62,6.28
23-Jun-16,5.99,6.7
24-Jun-16,6.22,6.12
25-Jun-16,7.98,9.19
26-Jun-16,7.95,2.21
27-Jun-16,9.65,5.44
28-Jun-16,9.93,12.61
29-Jun-16,8.56,10.46
30-Jun-16,8.24,5.36
01-Jul-16,9.4,3.47
02-Jul-16,9.3,22.34
03-Jul-16,9.02,11.34
04-Jul-16,9.27,23.33
05-Jul-16,10.2,15.46
06-Jul-16,12.6,40.74
07-Jul-16,11.63,43.71
08-Jul-16,10.72,30.03
09-Jul-16,11,35.55
10-Jul-16,10.03,32.08
11-Jul-16,10.82,30.17
12-Jul-16,11.88,26.74
13-Jul-16,12.85,23.62
14-Jul-16,10.57,3.67
15-Jul-16,10.1,3.04
16-Jul-16,10.44,15.9
17-Jul-16,10.37,9.62
18-Jul-16,10.15,11.56
19-Jul-16,11.07,5.9
20-Jul-16,11.55,1.41
21-Jul-16,11.18,2.08
22-Jul-16,11.18,7.18
23-Jul-16,10.81,14.17
24-Jul-16,10.78,8.94
25-Jul-16,11.19,6.03
26-Jul-16,12.77,5.31
27-Jul-16,11.94,23.49
28-Jul-16,12.16,10.34
29-Jul-16,11.54,3.8
30-Jul-16,10.73,9.09
31-Jul-16,10.68,8.56
01-Aug-16,12.07,13.48
02-Aug-16,11.53,23.1
03-Aug-16,13.06,21.26
04-Aug-16,13.91,26.06
05-Aug-16,13.58,10.54
06-Aug-16,12.39,16.99
07-Aug-16,11.84,24.81
08-Aug-16,13.15,20.5
09-Aug-16,13.09,5.73
10-Aug-16,13.21,5.9
11-Aug-16,11.15,4.5
12-Aug-16,10.29,7.94
13-Aug-16,10.52,14.15
14-Aug-16,11.46,12.98
15-Aug-16,12.81,9.12
16-Aug-16,13.73,13.07
17-Aug-16,12.4,18.92
18-Aug-16,11.46,7.02
19-Aug-16,11.43,31.17
20-Aug-16,10.46,41.28
21-Aug-16,9.42,24.01
22-Aug-16,9.16,2.96
23-Aug-16,10.81,9.3
24-Aug-16,9.39,10
25-Aug-16,9.11,3.13
26-Aug-16,9.13,8.56
27-Aug-16,8.12,11.94
28-Aug-16,8.79,6.22
29-Aug-16,10.08,1.78
30-Aug-16,10.11,3.7
31-Aug-16,10.43,8.12
01-Sep-16,9.52,12.76
02-Sep-16,9.36,6.45
03-Sep-16,9.5,2.68
04-Sep-16,9.18,1.03
05-Sep-16,10.54,1.34
06-Sep-16,8.96,0.12
07-Sep-16,7.61,0.31
08-Sep-16,8.26,0.65
09-Sep-16,9.2,0.37
10-Sep-16,7.75,0.4
11-Sep-16,7.19,0.71
12-Sep-16,7.74,1.23
13-Sep-16,6.9,1.07
14-Sep-16,7.28,3.71
15-Sep-16,8.54,3.04
16-Sep-16,6.97,3.51
17-Sep-16,5.61,5.99
18-Sep-16,4.5,4.76
19-Sep-16,3.67,6.56
20-Sep-16,4.13,4.52
21-Sep-16,4.34,7.89
22-Sep-16,4.76,6.55
23-Sep-16,4.88,1.75
24-Sep-16,4.16,3.62
25-Sep-16,3.69,7.9
26-Sep-16,3,6.64
27-Sep-16,3.18,4.26
28-Sep-16,2.51,3.48
29-Sep-16,2.37,4.18
30-Sep-16,2.14,5.65
01-Oct-16,1.87,7.51
02-Oct-16,2.51,3.71
03-Oct-16,2.52,2.24
04-Oct-16,2.82,1.25
05-Oct-16,1.83,0.7
06-Oct-16,1.63,4.83
07-Oct-16,1.77,6.51
08-Oct-16,1.82,4.72
09-Oct-16,2.09,5.29
10-Oct-16,2.02,0.28
11-Oct-16,1.86,0.07
12-Oct-16,1.72,0
13-Oct-16,1.76,0
14-Oct-16,0.76,0
15-Oct-16,0.38,0
16-Oct-16,0.36,0
17-Oct-16,0.71,0
18-Oct-16,1.13,0
19-Oct-16,1.29,0
20-Oct-16,0.55,0
21-Oct-16,0.57,0
22-Oct-16,0.26,0
23-Oct-16,0.33,0
24-Oct-16,0.39,0
25-Oct-16,0.23,0
26-Oct-16,0.11,0
27-Oct-16,0.24,0
28-Oct-16,0.23,0
29-Oct-16,0.34,0
30-Oct-16,0.56,0
31-Oct-16,0.53,0
01-Nov-16,0.75,0
02-Nov-16,0.12,0
03-Nov-16,0.14,0
04-Nov-16,0.15,0
05-Nov-16,0.35,0
06-Nov-16,0.57,0
07-Nov-16,0.68,0
08-Nov-16,0.52,0
09-Nov-16,0.55,0
10-Nov-16,0.78,0
11-Nov-16,0.6,0
12-Nov-16,0.24,0
13-Nov-16,0.26,0
14-Nov-16,0.31,0
15-Nov-16,0.24,0
16-Nov-16,0.1,0
17-Nov-16,0.11,0
18-Nov-16,0.29,0
19-Nov-16,0.36,0
20-Nov-16,0.59,0
21-Nov-16,0.26,0
22-Nov-16,0.54,0
23-Nov-16,0.54,0
24-Nov-16,0.7,0
25-Nov-16,0.28,0
26-Nov-16,0.46,0
27-Nov-16,0.32,0
28-Nov-16,0.73,0
29-Nov-16,0.59,0
30-Nov-16,0.44,0
01-Dec-16,0.46,0
02-Dec-16,0.3,0
03-Dec-16,0.14,0
04-Dec-16,0.21,0
05-Dec-16,0.49,0
06-Dec-16,0.17,0
07-Dec-16,0.13,0
08-Dec-16,0.22,0
09-Dec-16,0.24,0
10-Dec-16,0.35,0
11-Dec-16,0.45,0
12-Dec-16,0.35,0
13-Dec-16,0.28,0
14-Dec-16,0.16,0
15-Dec-16,0.04,0
16-Dec-16,0.19,0
17-Dec-16,0.13,0
18-Dec-16,0.17,0
19-Dec-16,0.12,0
20-Dec-16,0.29,0
21-Dec-16,0.15,0
22-Dec-16,0.14,0
23-Dec-16,0.45,0
24-Dec-16,0.43,0
25-Dec-16,0.29,0
26-Dec-16,0.2,0
27-Dec-16,0.24,0
28-Dec-16,0.21,0
29-Dec-16,0.3,0
30-Dec-16,0.14,0
31-Dec-16,0.2,0
01-Jan-17,0.31,0
02-Jan-17,0.45,0.07
03-Jan-17,0.34,0
04-Jan-17,0.41,0
05-Jan-17,0.52,0
06-Jan-17,0.4,0
07-Jan-17,0.46,0
08-Jan-17,0.51,0
09-Jan-17,0.69,0
10-Jan-17,0.6,0.98
11-Jan-17,0.81,0.01
12-Jan-17,0.39,0
13-Jan-17,0.62,0
14-Jan-17,0.67,0
15-Jan-17,0.63,0
16-Jan-17,0.63,0
17-Jan-17,0.59,0
18-Jan-17,0.44,0
19-Jan-17,0.57,0
20-Jan-17,0.72,0
21-Jan-17,0.51,0
22-Jan-17,0.51,0
23-Jan-17,0.32,0
24-Jan-17,0.37,0
25-Jan-17,0.55,0
26-Jan-17,0.89,0.02
27-Jan-17,0.98,2.31
28-Jan-17,1.13,0.02
29-Jan-17,0.85,0
30-Jan-17,0.44,0
31-Jan-17,0.41,0
01-Feb-17,0.24,0
02-Feb-17,0.17,0
03-Feb-17,0.28,0
04-Feb-17,0.37,0
05-Feb-17,0.45,0
06-Feb-17,0.44,0
07-Feb-17,0.36,0
08-Feb-17,0.34,0
09-Feb-17,0.29,0
10-Feb-17,0.62,0
11-Feb-17,0.23,0.02
12-Feb-17,0.24,4.13
13-Feb-17,0.4,0
14-Feb-17,0.55,0
15-Feb-17,0.46,0
16-Feb-17,0.49,0
17-Feb-17,0.46,0
18-Feb-17,0.58,0
19-Feb-17,0.92,0
20-Feb-17,0.57,0
21-Feb-17,0.43,0
22-Feb-17,0.39,0
23-Feb-17,0.34,0
24-Feb-17,0.3,0
25-Feb-17,0.48,0
26-Feb-17,0.33,0
27-Feb-17,0.61,0
28-Feb-17,0.4,0
01-Mar-17,0.35,0
02-Mar-17,0.38,0
03-Mar-17,0.47,0
04-Mar-17,0.35,0
05-Mar-17,0.25,0
06-Mar-17,0.14,0
07-Mar-17,0.16,0
08-Mar-17,0.22,0.16
09-Mar-17,0.24,0.19
10-Mar-17,0.26,0.17
11-Mar-17,0.44,0.44
12-Mar-17,0.39,0
13-Mar-17,0.18,0
14-Mar-17,0.19,0
15-Mar-17,0.13,0
16-Mar-17,0.24,0
17-Mar-17,0.13,0.05
18-Mar-17,0.16,0
19-Mar-17,0.19,1.06
20-Mar-17,0.31,0.47
21-Mar-17,0.29,0
22-Mar-17,0.37,0
23-Mar-17,0.3,0
24-Mar-17,0.24,0
25-Mar-17,0.42,0
26-Mar-17,0.48,0
27-Mar-17,0.3,0
28-Mar-17,0.3,0
29-Mar-17,0.47,0
30-Mar-17,0.33,0
31-Mar-17,0.24,0
01-Apr-17,0.21,0
02-Apr-17,0.19,0
03-Apr-17,0.18,0
04-Apr-17,0.14,0
05-Apr-17,0.11,0
06-Apr-17,0.18,0
07-Apr-17,0.18,0
08-Apr-17,0.15,0
09-Apr-17,0.09,0
10-Apr-17,0.1,0
11-Apr-17,0.04,0
12-Apr-17,0.07,0
13-Apr-17,0.28,0
14-Apr-17,0.11,0
15-Apr-17,0.14,0
16-Apr-17,0.16,0
17-Apr-17,0.15,0
18-Apr-17,0.19,0
19-Apr-17,0.28,0
20-Apr-17,0.18,0
21-Apr-17,0.12,0
22-Apr-17,0.06,0
23-Apr-17,0.07,0
24-Apr-17,0.07,0
25-Apr-17,0.1,0
26-Apr-17,0.04,0
27-Apr-17,0.09,0
28-Apr-17,0.07,0
29-Apr-17,0.06,0
30-Apr-17,0.13,0
01-May-17,0.12,0.16
02-May-17,0.1,0.01
03-May-17,0.11,0
04-May-17,0.19,0.03
05-May-17,0.17,0
06-May-17,0.09,0
07-May-17,0.07,0.06
08-May-17,0.07,0.1
09-May-17,0.12,0.16
10-May-17,0.15,0.31
11-May-17,0.09,0.12
12-May-17,0.12,0.18
13-May-17,0.13,0.01
14-May-17,0.21,0
15-May-17,0.26,0
16-May-17,0.21,0
17-May-17,0.13,0
18-May-17,0.2,0.13
19-May-17,0.27,0.19
20-May-17,0.19,0.14
21-May-17,0.21,0
22-May-17,0.21,0.04
23-May-17,0.17,0
24-May-17,0.19,0.05
25-May-17,0.25,0.05
26-May-17,0.28,0.22
27-May-17,0.4,0.06
28-May-17,0.4,0.93
29-May-17,0.62,1.96
30-May-17,0.74,1.59
31-May-17,1.03,0.81
01-Jun-17,1.2,1.59
02-Jun-17,1.11,0.58
03-Jun-17,0.91,0.08
04-Jun-17,0.94,0.02
05-Jun-17,1.29,0.01
06-Jun-17,1.45,3.5
07-Jun-17,2.21,2.98
08-Jun-17,2.32,7.1
09-Jun-17,2.04,2.99
10-Jun-17,2.17,5.43
11-Jun-17,2.34,7.03
12-Jun-17,2.46,1.95
13-Jun-17,2.72,1.24
14-Jun-17,2.83,1.55
15-Jun-17,3.1,1.19
16-Jun-17,3.22,2.17
17-Jun-17,3.67,1.94
18-Jun-17,4.27,0.68
19-Jun-17,4.2,1.9
20-Jun-17,4.14,2.4
21-Jun-17,4.77,5.62
22-Jun-17,5.62,5.15
23-Jun-17,5.99,5.53
24-Jun-17,6.22,2.33
25-Jun-17,7.98,2.78
26-Jun-17,7.95,7.42
27-Jun-17,9.65,11.27
28-Jun-17,9.93,8.95
29-Jun-17,8.56,14.6
30-Jun-17,8.24,11.31
01-Jul-17,9.4,7.06
02-Jul-17,9.3,6.54
03-Jul-17,9.02,9.88
04-Jul-17,9.27,8.44
05-Jul-17,10.2,11.96
06-Jul-17,12.6,3.17
07-Jul-17,11.63,1.03
08-Jul-17,10.72,0.8
09-Jul-17,11,3.13
10-Jul-17,10.03,7.7
11-Jul-17,10.82,14.13
12-Jul-17,11.88,14.13
13-Jul-17,12.85,27.03
14-Jul-17,10.57,21.44
15-Jul-17,10.1,14.24
16-Jul-17,10.44,9.85
17-Jul-17,10.37,5.57
18-Jul-17,10.15,11.08
19-Jul-17,11.07,10.41
20-Jul-17,11.55,15.26
21-Jul-17,11.18,24.13
22-Jul-17,11.18,16.43
23-Jul-17,10.81,10.73
24-Jul-17,10.78,8.4
25-Jul-17,11.19,5.07
26-Jul-17,12.77,6.95
27-Jul-17,11.94,12.83
28-Jul-17,12.16,23.4
29-Jul-17,11.54,9.39
30-Jul-17,10.73,1.44
31-Jul-17,10.68,1.1
01-Aug-17,12.07,1.28
02-Aug-17,11.53,1.48
03-Aug-17,13.06,1.55
04-Aug-17,13.91,1.14
05-Aug-17,13.58,1.56
06-Aug-17,12.39,3.37
07-Aug-17,11.84,7.46
08-Aug-17,13.15,12.78
09-Aug-17,13.09,8.21
10-Aug-17,13.21,6.14
11-Aug-17,11.15,1.86
12-Aug-17,10.29,1.34
13-Aug-17,10.52,0.34
14-Aug-17,11.46,1.37
15-Aug-17,12.81,0.48
16-Aug-17,13.73,0.32
17-Aug-17,12.4,0.46
18-Aug-17,11.46,5.03
19-Aug-17,11.43,10.5
20-Aug-17,10.46,9.36
21-Aug-17,9.42,5.17
22-Aug-17,9.16,1.82
23-Aug-17,10.81,3.21
24-Aug-17,9.39,4.64
25-Aug-17,9.11,13.72
26-Aug-17,9.13,10.66
27-Aug-17,8.12,11.46
28-Aug-17,8.79,12.27
29-Aug-17,10.08,14.79
30-Aug-17,10.11,13.64
31-Aug-17,10.43,5.03
01-Sep-17,9.52,1.41
02-Sep-17,9.36,0.58
03-Sep-17,9.5,0.65
04-Sep-17,9.18,1.97
05-Sep-17,10.54,0.76
06-Sep-17,8.96,0.61
07-Sep-17,7.61,2.97
08-Sep-17,8.26,0.98
09-Sep-17,9.2,2.08
10-Sep-17,7.75,7.87
11-Sep-17,7.19,3.8
12-Sep-17,7.74,8.12
13-Sep-17,6.9,9.15
14-Sep-17,7.28,5.29
15-Sep-17,8.54,6.98
16-Sep-17,6.97,6.76
17-Sep-17,5.61,5.02
18-Sep-17,4.5,9.52
19-Sep-17,3.67,6.59
20-Sep-17,4.13,4.8
21-Sep-17,4.34,23.79
22-Sep-17,4.76,30.6
23-Sep-17,4.88,5.88
24-Sep-17,4.16,0.09
25-Sep-17,3.69,0
26-Sep-17,3,0
27-Sep-17,3.18,0.01
28-Sep-17,2.51,0.01
29-Sep-17,2.37,0.42
30-Sep-17,2.14,0
01-Oct-17,1.87,0.26
02-Oct-17,2.51,0.24
03-Oct-17,2.52,0
04-Oct-17,2.82,0
05-Oct-17,1.83,0.02
06-Oct-17,1.63,1
07-Oct-17,1.77,1.65
08-Oct-17,1.82,0.97
09-Oct-17,2.09,2.09
10-Oct-17,2.02,3.67
11-Oct-17,1.86,1.86
12-Oct-17,1.72,0.31
13-Oct-17,1.76,0.38
14-Oct-17,0.76,1.8
15-Oct-17,0.38,0.22
16-Oct-17,0.36,0
17-Oct-17,0.71,0
18-Oct-17,1.13,0
19-Oct-17,1.29,0
20-Oct-17,0.55,0.06
21-Oct-17,0.57,0
22-Oct-17,0.26,0.17
23-Oct-17,0.33,0.02
24-Oct-17,0.39,0
25-Oct-17,0.23,0
26-Oct-17,0.11,0
27-Oct-17,0.24,0
28-Oct-17,0.23,0
29-Oct-17,0.34,0
30-Oct-17,0.56,0
31-Oct-17,0.53,0
01-Nov-17,0.75,0
02-Nov-17,0.12,0
03-Nov-17,0.14,0
04-Nov-17,0.15,0
05-Nov-17,0.35,0
06-Nov-17,0.57,0
07-Nov-17,0.68,0
08-Nov-17,0.52,0
09-Nov-17,0.55,0
10-Nov-17,0.78,0
11-Nov-17,0.6,0
12-Nov-17,0.24,0
13-Nov-17,0.26,0
14-Nov-17,0.31,0
15-Nov-17,0.24,0
16-Nov-17,0.1,0
17-Nov-17,0.11,0
18-Nov-17,0.29,0
19-Nov-17,0.36,0
20-Nov-17,0.59,0
21-Nov-17,0.26,0
22-Nov-17,0.54,0.05
23-Nov-17,0.54,0
24-Nov-17,0.7,0
25-Nov-17,0.28,0
26-Nov-17,0.46,0
27-Nov-17,0.32,0
28-Nov-17,0.73,0
29-Nov-17,0.59,0
30-Nov-17,0.44,0
01-Dec-17,0.46,0
02-Dec-17,0.3,0
03-Dec-17,0.14,0
04-Dec-17,0.21,0
05-Dec-17,0.49,0
06-Dec-17,0.17,0.89
07-Dec-17,0.13,0.49
08-Dec-17,0.22,0
09-Dec-17,0.24,0
10-Dec-17,0.35,0
11-Dec-17,0.45,0
12-Dec-17,0.35,0.08
13-Dec-17,0.28,0
14-Dec-17,0.16,0
15-Dec-17,0.04,0
16-Dec-17,0.19,0
17-Dec-17,0.13,0
18-Dec-17,0.17,0
19-Dec-17,0.12,0
20-Dec-17,0.29,0
21-Dec-17,0.15,0
22-Dec-17,0.14,0
23-Dec-17,0.45,0
24-Dec-17,0.43,0
25-Dec-17,0.29,0
26-Dec-17,0.2,0
27-Dec-17,0.24,0
28-Dec-17,0.21,0
29-Dec-17,0.3,0
30-Dec-17,0.14,0
31-Dec-17,0.2,0
01-Jan-18,0.31,0
02-Jan-18,0.45,0
03-Jan-18,0.34,0
04-Jan-18,0.41,0
05-Jan-18,0.52,0
06-Jan-18,0.4,0
07-Jan-18,0.46,0
08-Jan-18,0.51,0
09-Jan-18,0.69,0
10-Jan-18,0.6,0
11-Jan-18,0.81,0
12-Jan-18,0.39,0
13-Jan-18,0.62,0
14-Jan-18,0.67,0
15-Jan-18,0.63,0
16-Jan-18,0.63,0
17-Jan-18,0.59,0
18-Jan-18,0.44,0
19-Jan-18,0.57,0
20-Jan-18,0.72,0
21-Jan-18,0.51,0
22-Jan-18,0.51,0
23-Jan-18,0.32,0
24-Jan-18,0.37,0.01
25-Jan-18,0.55,0
26-Jan-18,0.89,0
27-Jan-18,0.98,0
28-Jan-18,1.13,0
29-Jan-18,0.85,0
30-Jan-18,0.44,0
31-Jan-18,0.41,0
01-Feb-18,0.24,0
02-Feb-18,0.17,0
03-Feb-18,0.28,0
04-Feb-18,0.37,0
05-Feb-18,0.45,0
06-Feb-18,0.44,0
07-Feb-18,0.36,0
08-Feb-18,0.34,0
09-Feb-18,0.29,0
10-Feb-18,0.62,0
11-Feb-18,0.23,0
12-Feb-18,0.24,4.84
13-Feb-18,0.4,2.05
14-Feb-18,0.55,5.81
15-Feb-18,0.46,0
16-Feb-18,0.49,0
17-Feb-18,0.46,0
18-Feb-18,0.58,0
19-Feb-18,0.92,0
20-Feb-18,0.57,0
21-Feb-18,0.43,0
22-Feb-18,0.39,0
23-Feb-18,0.34,0
24-Feb-18,0.3,0
25-Feb-18,0.48,0
26-Feb-18,0.33,0
27-Feb-18,0.61,0
28-Feb-18,0.4,0
01-Mar-18,0.35,0
02-Mar-18,0.38,0
03-Mar-18,0.47,0
04-Mar-18,0.35,0
05-Mar-18,0.25,0.01
06-Mar-18,0.14,0
07-Mar-18,0.16,0
08-Mar-18,0.22,0.04
09-Mar-18,0.24,0.09
10-Mar-18,0.26,0
11-Mar-18,0.44,0
12-Mar-18,0.39,0
13-Mar-18,0.18,0
14-Mar-18,0.19,0
15-Mar-18,0.13,0
16-Mar-18,0.24,0.01
17-Mar-18,0.13,0
18-Mar-18,0.16,0
19-Mar-18,0.19,0
20-Mar-18,0.31,0.03
21-Mar-18,0.29,0
22-Mar-18,0.37,0.01
23-Mar-18,0.3,0
24-Mar-18,0.24,0
25-Mar-18,0.42,0
26-Mar-18,0.48,0
27-Mar-18,0.3,0
28-Mar-18,0.3,0
29-Mar-18,0.47,0
30-Mar-18,0.33,0
31-Mar-18,0.24,0
01-Apr-18,0.21,0
02-Apr-18,0.19,0.02
03-Apr-18,0.18,0
04-Apr-18,0.14,0
05-Apr-18,0.11,0
06-Apr-18,0.18,0
07-Apr-18,0.18,0.04
08-Apr-18,0.15,0.7
09-Apr-18,0.09,0.14
10-Apr-18,0.1,0.36
11-Apr-18,0.04,1.22
12-Apr-18,0.07,1.95
13-Apr-18,0.28,0.81
14-Apr-18,0.11,0.03
15-Apr-18,0.14,0.75
16-Apr-18,0.16,0.17
17-Apr-18,0.15,0.03
18-Apr-18,0.19,0.01
19-Apr-18,0.28,0
20-Apr-18,0.18,0
21-Apr-18,0.12,0
22-Apr-18,0.06,0
23-Apr-18,0.07,0
24-Apr-18,0.07,0
25-Apr-18,0.1,0
26-Apr-18,0.04,0
27-Apr-18,0.09,0
28-Apr-18,0.07,0
29-Apr-18,0.06,0.09
30-Apr-18,0.13,0.02
01-May-18,0.12,0.53
02-May-18,0.1,0
03-May-18,0.11,3.15
04-May-18,0.19,0
05-May-18,0.17,0.01
06-May-18,0.09,0
07-May-18,0.07,0.02
08-May-18,0.07,0
09-May-18,0.12,0
10-May-18,0.15,0.01
11-May-18,0.09,0
12-May-18,0.12,0
13-May-18,0.13,0.03
14-May-18,0.21,0.39
15-May-18,0.26,0.53
16-May-18,0.21,0.1
17-May-18,0.13,0.25
18-May-18,0.2,0.01
19-May-18,0.27,0.01
20-May-18,0.19,0.12
21-May-18,0.21,0
22-May-18,0.21,0.12
23-May-18,0.17,0.11
24-May-18,0.19,0
25-May-18,0.25,0.34
26-May-18,0.28,0.28
27-May-18,0.4,0.21
28-May-18,0.4,0
29-May-18,0.62,0.01
30-May-18,0.74,0
31-May-18,1.03,1.06
01-Jun-18,1.2,0.35
02-Jun-18,1.11,1.16
03-Jun-18,0.91,1.26
04-Jun-18,0.94,0.56
05-Jun-18,1.29,0.14
06-Jun-18,1.45,0.88
07-Jun-18,2.21,1.88
08-Jun-18,2.32,2.01
09-Jun-18,2.04,4.29
10-Jun-18,2.17,13.58
11-Jun-18,2.34,7.12
12-Jun-18,2.46,4.98
13-Jun-18,2.72,0.6
14-Jun-18,2.83,1.57
15-Jun-18,3.1,0
16-Jun-18,3.22,0
17-Jun-18,3.67,0.09
18-Jun-18,4.27,0.8
19-Jun-18,4.2,2.4
20-Jun-18,4.14,3.05
21-Jun-18,4.77,1.41
22-Jun-18,5.62,4.24
23-Jun-18,5.99,4.97
24-Jun-18,6.22,7.1
25-Jun-18,7.98,3.61
26-Jun-18,7.95,4.84
27-Jun-18,9.65,10.47
28-Jun-18,9.93,14.42
29-Jun-18,8.56,21.6
30-Jun-18,8.24,6.43
01-Jul-18,9.4,1.66
02-Jul-18,9.3,3.27
03-Jul-18,9.02,3.85
04-Jul-18,9.27,4.75
05-Jul-18,10.2,7.61
06-Jul-18,12.6,9.72
07-Jul-18,11.63,10.53
08-Jul-18,10.72,4.91
09-Jul-18,11,5.71
10-Jul-18,10.03,11.36
11-Jul-18,10.82,11.41
12-Jul-18,11.88,21.89
13-Jul-18,12.85,16.75
14-Jul-18,10.57,11.77
15-Jul-18,10.1,10.39
16-Jul-18,10.44,8.65
17-Jul-18,10.37,17.57
18-Jul-18,10.15,17.71
19-Jul-18,11.07,18.19
20-Jul-18,11.55,6.69
21-Jul-18,11.18,3.82
22-Jul-18,11.18,8.63
23-Jul-18,10.81,22.88
24-Jul-18,10.78,26.95
25-Jul-18,11.19,9.55
26-Jul-18,12.77,21.38
27-Jul-18,11.94,6.86
28-Jul-18,12.16,1.05
29-Jul-18,11.54,2.2
30-Jul-18,10.73,3.88
31-Jul-18,10.68,5.9
01-Aug-18,12.07,4.62
02-Aug-18,11.53,5.5
03-Aug-18,13.06,2.57
04-Aug-18,13.91,0.28
05-Aug-18,13.58,0.35
06-Aug-18,12.39,0.39
07-Aug-18,11.84,5.15
08-Aug-18,13.15,13.11
09-Aug-18,13.09,15.46
10-Aug-18,13.21,8.77
11-Aug-18,11.15,5.83
12-Aug-18,10.29,4.31
13-Aug-18,10.52,5.61
14-Aug-18,11.46,2.1
15-Aug-18,12.81,3.63
16-Aug-18,13.73,16.19
17-Aug-18,12.4,16.46
18-Aug-18,11.46,3.58
19-Aug-18,11.43,6.65
20-Aug-18,10.46,5.86
21-Aug-18,9.42,33.53
22-Aug-18,9.16,24.38
23-Aug-18,10.81,7
24-Aug-18,9.39,7.78
25-Aug-18,9.11,5.75
26-Aug-18,9.13,7.18
27-Aug-18,8.12,2.23
28-Aug-18,8.79,10.45
29-Aug-18,10.08,15.75
30-Aug-18,10.11,4.79
31-Aug-18,10.43,11.17
01-Sep-18,9.52,17.72
02-Sep-18,9.36,14.52
03-Sep-18,9.5,5.72
04-Sep-18,9.18,5.88
05-Sep-18,10.54,7.71
06-Sep-18,8.96,14.31
07-Sep-18,7.61,14.09
08-Sep-18,8.26,23.45
09-Sep-18,9.2,3.78
10-Sep-18,7.75,0.43
11-Sep-18,7.19,0.18
12-Sep-18,7.74,0.34
13-Sep-18,6.9,1.42
14-Sep-18,7.28,0.26
15-Sep-18,8.54,0.05
16-Sep-18,6.97,0.67
17-Sep-18,5.61,0.37
18-Sep-18,4.5,0.07
19-Sep-18,3.67,0.79
20-Sep-18,4.13,0.04
21-Sep-18,4.34,1.35
22-Sep-18,4.76,20.7
23-Sep-18,4.88,17.58
24-Sep-18,4.16,1.76
25-Sep-18,3.69,0.79
26-Sep-18,3,0.05
27-Sep-18,3.18,0.16
28-Sep-18,2.51,0.01
29-Sep-18,2.37,0
30-Sep-18,2.14,0
01-Oct-18,1.87,0
02-Oct-18,2.51,0
03-Oct-18,2.52,0
04-Oct-18,2.82,0.01
05-Oct-18,1.83,0.83
06-Oct-18,1.63,0.59
07-Oct-18,1.77,0
08-Oct-18,1.82,0
09-Oct-18,2.09,0
10-Oct-18,2.02,0
11-Oct-18,1.86,0
12-Oct-18,1.72,0.09
13-Oct-18,1.76,0.02
14-Oct-18,0.76,0
15-Oct-18,0.38,0
16-Oct-18,0.36,0
17-Oct-18,0.71,0
18-Oct-18,1.13,0
19-Oct-18,1.29,0
20-Oct-18,0.55,0
21-Oct-18,0.57,0.06
22-Oct-18,0.26,0.04
23-Oct-18,0.33,0
24-Oct-18,0.39,0
25-Oct-18,0.23,0
26-Oct-18,0.11,0
27-Oct-18,0.24,0
28-Oct-18,0.23,0
29-Oct-18,0.34,0
30-Oct-18,0.56,0
31-Oct-18,0.53,0
01-Nov-18,0.75,0
02-Nov-18,0.12,0
03-Nov-18,0.14,0
04-Nov-18,0.15,0
05-Nov-18,0.35,0.01
06-Nov-18,0.57,0.44
07-Nov-18,0.68,0
08-Nov-18,0.52,0
09-Nov-18,0.55,0
10-Nov-18,0.78,0
11-Nov-18,0.6,0
12-Nov-18,0.24,0
13-Nov-18,0.26,0
14-Nov-18,0.31,0
15-Nov-18,0.24,0
16-Nov-18,0.1,0
17-Nov-18,0.11,0
18-Nov-18,0.29,0
19-Nov-18,0.36,0
20-Nov-18,0.59,0.01
21-Nov-18,0.26,0
22-Nov-18,0.54,0
23-Nov-18,0.54,0
24-Nov-18,0.7,0
25-Nov-18,0.28,0
26-Nov-18,0.46,0
27-Nov-18,0.32,0
28-Nov-18,0.73,0
29-Nov-18,0.59,0
30-Nov-18,0.44,0
01-Dec-18,0.46,0
02-Dec-18,0.3,0
03-Dec-18,0.14,0
04-Dec-18,0.21,0
05-Dec-18,0.49,0
06-Dec-18,0.17,0
07-Dec-18,0.13,0
08-Dec-18,0.22,0
09-Dec-18,0.24,0.03
10-Dec-18,0.35,0.21
11-Dec-18,0.45,1.01
12-Dec-18,0.35,0.01
13-Dec-18,0.28,0.02
14-Dec-18,0.16,0
15-Dec-18,0.04,0
16-Dec-18,0.19,0
17-Dec-18,0.13,0.02
18-Dec-18,0.17,2.66
19-Dec-18,0.12,0
20-Dec-18,0.29,0
21-Dec-18,0.15,0
22-Dec-18,0.14,0
23-Dec-18,0.45,0
24-Dec-18,0.43,0
25-Dec-18,0.29,0
26-Dec-18,0.2,0
27-Dec-18,0.24,0
28-Dec-18,0.21,0
29-Dec-18,0.3,0
30-Dec-18,0.14,0
31-Dec-18,0.2,0
01-Jan-19,0.31,0
02-Jan-19,0.45,0
03-Jan-19,0.34,0
04-Jan-19,0.41,0
05-Jan-19,0.52,0
06-Jan-19,0.4,0
07-Jan-19,0.46,0.04
08-Jan-19,0.51,0
09-Jan-19,0.69,0
10-Jan-19,0.6,0
11-Jan-19,0.81,0
12-Jan-19,0.39,0
13-Jan-19,0.62,0
14-Jan-19,0.67,0
15-Jan-19,0.63,0
16-Jan-19,0.63,0
17-Jan-19,0.59,0
18-Jan-19,0.44,0
19-Jan-19,0.57,0
20-Jan-19,0.72,0
21-Jan-19,0.51,0
22-Jan-19,0.51,0.24
23-Jan-19,0.32,0.18
24-Jan-19,0.37,0.09
25-Jan-19,0.55,4.35
26-Jan-19,0.89,2.21
27-Jan-19,0.98,0.06
28-Jan-19,1.13,0
29-Jan-19,0.85,0
30-Jan-19,0.44,0
31-Jan-19,0.41,0
01-Feb-19,0.24,0
02-Feb-19,0.17,0
03-Feb-19,0.28,0
04-Feb-19,0.37,0
05-Feb-19,0.45,0
06-Feb-19,0.44,0.03
07-Feb-19,0.36,0
08-Feb-19,0.34,0.86
09-Feb-19,0.29,0.14
10-Feb-19,0.62,0
11-Feb-19,0.23,0
12-Feb-19,0.24,0
13-Feb-19,0.4,0
14-Feb-19,0.55,0.58
15-Feb-19,0.46,1.3
16-Feb-19,0.49,2.4
17-Feb-19,0.46,0
18-Feb-19,0.58,0
19-Feb-19,0.92,0
20-Feb-19,0.57,0
21-Feb-19,0.43,0.15
22-Feb-19,0.39,0
23-Feb-19,0.34,0.05
24-Feb-19,0.3,0
25-Feb-19,0.48,0.17
26-Feb-19,0.33,0
27-Feb-19,0.61,0.49
28-Feb-19,0.4,0.25
01-Mar-19,0.35,0
02-Mar-19,0.38,0
03-Mar-19,0.47,2.4
04-Mar-19,0.35,0.88
05-Mar-19,0.25,0.01
06-Mar-19,0.14,0
07-Mar-19,0.16,0
08-Mar-19,0.22,0
09-Mar-19,0.24,0
10-Mar-19,0.26,0
11-Mar-19,0.44,0
12-Mar-19,0.39,0
13-Mar-19,0.18,0
14-Mar-19,0.19,0.76
15-Mar-19,0.13,1.14
16-Mar-19,0.24,0.53
17-Mar-19,0.13,0.05
18-Mar-19,0.16,2.8
19-Mar-19,0.19,0
20-Mar-19,0.31,0
21-Mar-19,0.29,0.49
22-Mar-19,0.37,0.08
23-Mar-19,0.3,0
24-Mar-19,0.24,0
25-Mar-19,0.42,0
26-Mar-19,0.48,0.11
27-Mar-19,0.3,0
28-Mar-19,0.3,0
29-Mar-19,0.47,0
30-Mar-19,0.33,0
31-Mar-19,0.24,0
01-Apr-19,0.21,0
02-Apr-19,0.19,0
03-Apr-19,0.18,0
04-Apr-19,0.14,0
05-Apr-19,0.11,0
06-Apr-19,0.18,0
07-Apr-19,0.18,0
08-Apr-19,0.15,0.11
09-Apr-19,0.09,0
10-Apr-19,0.1,0
11-Apr-19,0.04,0
12-Apr-19,0.07,0.12
13-Apr-19,0.28,0.03
14-Apr-19,0.11,0.02
15-Apr-19,0.14,0.03
16-Apr-19,0.16,0.23
17-Apr-19,0.15,6.01
18-Apr-19,0.19,0.87
19-Apr-19,0.28,0.08
20-Apr-19,0.18,0
21-Apr-19,0.12,0.02
22-Apr-19,0.06,0
23-Apr-19,0.07,0
24-Apr-19,0.07,0
25-Apr-19,0.1,0
26-Apr-19,0.04,0
27-Apr-19,0.09,0
28-Apr-19,0.07,0
29-Apr-19,0.06,0
30-Apr-19,0.13,0
01-May-19,0.12,0
02-May-19,0.1,0.09
03-May-19,0.11,0.01
04-May-19,0.19,0.34
05-May-19,0.17,0.33
06-May-19,0.09,0
07-May-19,0.07,0
08-May-19,0.07,0
09-May-19,0.12,0
10-May-19,0.15,0
11-May-19,0.09,0
12-May-19,0.12,0.02
13-May-19,0.13,0.08
14-May-19,0.21,0.28
15-May-19,0.26,0.12
16-May-19,0.21,0.27
17-May-19,0.13,0
18-May-19,0.2,0
19-May-19,0.27,0
20-May-19,0.19,0
21-May-19,0.21,0
22-May-19,0.21,0.04
23-May-19,0.17,0.05
24-May-19,0.19,0.03
25-May-19,0.25,0.01
26-May-19,0.28,0
27-May-19,0.4,0
28-May-19,0.4,0
29-May-19,0.62,0
30-May-19,0.74,0.01
31-May-19,1.03,0.01
01-Jun-19,1.2,0.24
02-Jun-19,1.11,0.14
03-Jun-19,0.91,0.12
04-Jun-19,0.94,0.29
05-Jun-19,1.29,0.01
06-Jun-19,1.45,0
07-Jun-19,2.21,0
08-Jun-19,2.32,0.42
09-Jun-19,2.04,0.26
10-Jun-19,2.17,0.13
11-Jun-19,2.34,0.06
12-Jun-19,2.46,0.27
13-Jun-19,2.72,1.07
14-Jun-19,2.83,3.03
15-Jun-19,3.1,2.52
16-Jun-19,3.22,2.67
17-Jun-19,3.67,0.86
18-Jun-19,4.27,2.08
19-Jun-19,4.2,6.05
20-Jun-19,4.14,3.34
21-Jun-19,4.77,0.53
22-Jun-19,5.62,4.43
23-Jun-19,5.99,4.76
24-Jun-19,6.22,4.37
25-Jun-19,7.98,5.19
26-Jun-19,7.95,2.89
27-Jun-19,9.65,5.28
28-Jun-19,9.93,4.84
29-Jun-19,8.56,4.74
30-Jun-19,8.24,7.71
01-Jul-19,9.4,12.67
02-Jul-19,9.3,9.85
03-Jul-19,9.02,29.86
04-Jul-19,9.27,26.95
05-Jul-19,10.2,20.7
06-Jul-19,12.6,29.64
07-Jul-19,11.63,21.33
08-Jul-19,10.72,13.22
09-Jul-19,11,19.21
10-Jul-19,10.03,9.61
11-Jul-19,10.82,3.5
12-Jul-19,11.88,0.51
13-Jul-19,12.85,0.05
14-Jul-19,10.57,0.05
15-Jul-19,10.1,0.09
16-Jul-19,10.44,0.56
17-Jul-19,10.37,0.74
18-Jul-19,10.15,1.34
19-Jul-19,11.07,1.87
20-Jul-19,11.55,7.86
21-Jul-19,11.18,5.49
22-Jul-19,11.18,2.64
23-Jul-19,10.81,0.93
24-Jul-19,10.78,3.04
25-Jul-19,11.19,10.96
26-Jul-19,12.77,21.05
27-Jul-19,11.94,18.41
28-Jul-19,12.16,25.55
29-Jul-19,11.54,19.54
30-Jul-19,10.73,20.71
31-Jul-19,10.68,16.88
01-Aug-19,12.07,9.96
02-Aug-19,11.53,10.69
03-Aug-19,13.06,15.81
04-Aug-19,13.91,11.91
05-Aug-19,13.58,8.58
06-Aug-19,12.39,10.93
07-Aug-19,11.84,17.52
08-Aug-19,13.15,34.73
09-Aug-19,13.09,49.5
10-Aug-19,13.21,10.63
11-Aug-19,11.15,3.36
12-Aug-19,10.29,1.87
13-Aug-19,10.52,7.8
14-Aug-19,11.46,36.04
15-Aug-19,12.81,52.68
16-Aug-19,13.73,19.1
17-Aug-19,12.4,4.6
18-Aug-19,11.46,2.21
19-Aug-19,11.43,10.79
20-Aug-19,10.46,9.37
21-Aug-19,9.42,12.98
22-Aug-19,9.16,11.43
23-Aug-19,10.81,5.2
24-Aug-19,9.39,11.25
25-Aug-19,9.11,19.7
26-Aug-19,9.13,22.52
27-Aug-19,8.12,24.26
28-Aug-19,8.79,11.29
29-Aug-19,10.08,4.98
30-Aug-19,10.11,7.7
31-Aug-19,10.43,12.09
01-Sep-19,9.52,8.44
02-Sep-19,9.36,6.84
03-Sep-19,9.5,7.29
04-Sep-19,9.18,13.22
05-Sep-19,10.54,17.92
06-Sep-19,8.96,7.09
07-Sep-19,7.61,7.81
08-Sep-19,8.26,21.45
09-Sep-19,9.2,36.55
10-Sep-19,7.75,16.16
11-Sep-19,7.19,16.9
12-Sep-19,7.74,27.19
13-Sep-19,6.9,32.99
14-Sep-19,7.28,26.96
15-Sep-19,8.54,11.96
16-Sep-19,6.97,7.78
17-Sep-19,5.61,10.4
18-Sep-19,4.5,11.34
19-Sep-19,3.67,8.36
20-Sep-19,4.13,7.8
21-Sep-19,4.34,9.14
22-Sep-19,4.76,14.48
23-Sep-19,4.88,8.86
24-Sep-19,4.16,10.64
25-Sep-19,3.69,3.93
26-Sep-19,3,16.17
27-Sep-19,3.18,9.13
28-Sep-19,2.51,26.14
29-Sep-19,2.37,16.74
30-Sep-19,2.14,7.52
01-Oct-19,1.87,5.32
02-Oct-19,2.51,10.8
03-Oct-19,2.52,2.76
04-Oct-19,2.82,1.41
05-Oct-19,1.83,1.2
06-Oct-19,1.63,2
07-Oct-19,1.77,1.65
08-Oct-19,1.82,1.04
09-Oct-19,2.09,0.1
10-Oct-19,2.02,0.16
11-Oct-19,1.86,0.14
12-Oct-19,1.72,0.23
13-Oct-19,1.76,0.14
14-Oct-19,0.76,0.03
15-Oct-19,0.38,0
16-Oct-19,0.36,0
17-Oct-19,0.71,0
18-Oct-19,1.13,0
19-Oct-19,1.29,0.84
20-Oct-19,0.55,1.72
21-Oct-19,0.57,2.17
22-Oct-19,0.26,0.49
23-Oct-19,0.33,1
24-Oct-19,0.39,0.32
25-Oct-19,0.23,0.31
26-Oct-19,0.11,0.12
27-Oct-19,0.24,0.87
28-Oct-19,0.23,1.83
29-Oct-19,0.34,3.45
30-Oct-19,0.56,1.44
31-Oct-19,0.53,0.28
01-Nov-19,0.75,0.74
02-Nov-19,0.12,0.22
03-Nov-19,0.14,0.53
04-Nov-19,0.15,0.19
05-Nov-19,0.35,1.2
06-Nov-19,0.57,0
07-Nov-19,0.68,0.02
08-Nov-19,0.52,2.24
09-Nov-19,0.55,1.02
10-Nov-19,0.78,0
11-Nov-19,0.6,0
12-Nov-19,0.24,0
13-Nov-19,0.26,0
14-Nov-19,0.31,0
15-Nov-19,0.24,0
16-Nov-19,0.1,0
17-Nov-19,0.11,0
18-Nov-19,0.29,0
19-Nov-19,0.36,0
20-Nov-19,0.59,0
21-Nov-19,0.26,0
22-Nov-19,0.54,0
23-Nov-19,0.54,0
24-Nov-19,0.7,0
25-Nov-19,0.28,0
26-Nov-19,0.46,0
27-Nov-19,0.32,0
28-Nov-19,0.73,0
29-Nov-19,0.59,0.28
30-Nov-19,0.44,0
01-Dec-19,0.46,0
02-Dec-19,0.3,0.01
03-Dec-19,0.14,0
04-Dec-19,0.21,0
05-Dec-19,0.49,0
06-Dec-19,0.17,0
07-Dec-19,0.13,0
08-Dec-19,0.22,0
09-Dec-19,0.24,0
10-Dec-19,0.35,0
11-Dec-19,0.45,0
12-Dec-19,0.35,0.03
13-Dec-19,0.28,4.65
14-Dec-19,0.16,0.19
15-Dec-19,0.04,0.86
16-Dec-19,0.19,1.59
17-Dec-19,0.13,0.09
18-Dec-19,0.17,0
19-Dec-19,0.12,0
20-Dec-19,0.29,0
21-Dec-19,0.15,0
22-Dec-19,0.14,0
23-Dec-19,0.45,0
24-Dec-19,0.43,0.06
25-Dec-19,0.29,0.23
26-Dec-19,0.2,0.08
27-Dec-19,0.24,0.03
28-Dec-19,0.21,0
29-Dec-19,0.3,0
30-Dec-19,0.14,0
31-Dec-19,0.2,0
01-Jan-20,0.31,1.9
02-Jan-20,0.45,4.36
03-Jan-20,0.34,3.75
04-Jan-20,0.41,0
05-Jan-20,0.52,0
06-Jan-20,0.4,0
07-Jan-20,0.46,0
08-Jan-20,0.51,1.22
09-Jan-20,0.69,3.98
10-Jan-20,0.6,0
11-Jan-20,0.81,0
12-Jan-20,0.39,0
13-Jan-20,0.62,0
14-Jan-20,0.67,0
15-Jan-20,0.63,0.19
16-Jan-20,0.63,2.42
17-Jan-20,0.59,1.37
18-Jan-20,0.44,0
19-Jan-20,0.57,0.17
20-Jan-20,0.72,0
21-Jan-20,0.51,0
22-Jan-20,0.51,0.09
23-Jan-20,0.32,0.49
24-Jan-20,0.37,0
25-Jan-20,0.55,0
26-Jan-20,0.89,0
27-Jan-20,0.98,0
28-Jan-20,1.13,0
29-Jan-20,0.85,0.12
30-Jan-20,0.44,0.1
31-Jan-20,0.41,0
01-Feb-20,0.24,0
02-Feb-20,0.17,0
03-Feb-20,0.28,0
04-Feb-20,0.37,0.83
05-Feb-20,0.45,2.22
06-Feb-20,0.44,0
07-Feb-20,0.36,0.16
08-Feb-20,0.34,0.63
09-Feb-20,0.29,0
10-Feb-20,0.62,0
11-Feb-20,0.23,0
12-Feb-20,0.24,0
13-Feb-20,0.4,0
14-Feb-20,0.55,0
15-Feb-20,0.46,0
16-Feb-20,0.49,0
17-Feb-20,0.46,0
18-Feb-20,0.58,0
19-Feb-20,0.92,0
20-Feb-20,0.57,0
21-Feb-20,0.43,0.01
22-Feb-20,0.39,0.79
23-Feb-20,0.34,0.23
24-Feb-20,0.3,2.63
25-Feb-20,0.48,1.92
26-Feb-20,0.33,0
27-Feb-20,0.61,0
28-Feb-20,0.4,0
29-Feb-20,0,0
01-Mar-20,0.35,0.94
02-Mar-20,0.38,0.92
03-Mar-20,0.47,0.17
04-Mar-20,0.35,0.2
05-Mar-20,0.25,0.99
06-Mar-20,0.14,0.62
07-Mar-20,0.16,0.85
08-Mar-20,0.22,0
09-Mar-20,0.24,0
10-Mar-20,0.26,0.15
11-Mar-20,0.44,1.73
12-Mar-20,0.39,1.06
13-Mar-20,0.18,1.78
14-Mar-20,0.19,3.31
15-Mar-20,0.13,0.34
16-Mar-20,0.24,0
17-Mar-20,0.13,0
18-Mar-20,0.16,0.14
19-Mar-20,0.19,0.36
20-Mar-20,0.31,0.85
21-Mar-20,0.29,0.47
22-Mar-20,0.37,0.18
23-Mar-20,0.3,0
24-Mar-20,0.24,0
25-Mar-20,0.42,0
26-Mar-20,0.48,1.52
27-Mar-20,0.3,1.95
28-Mar-20,0.3,1.37
29-Mar-20,0.47,0
30-Mar-20,0.33,0.32
31-Mar-20,0.24,0.53
01-Apr-20,0.21,0.45
02-Apr-20,0.19,0
03-Apr-20,0.18,0
04-Apr-20,0.14,0
05-Apr-20,0.11,0.58
06-Apr-20,0.18,0
07-Apr-20,0.18,0.59
08-Apr-20,0.15,0.05
09-Apr-20,0.09,0.01
10-Apr-20,0.1,0
11-Apr-20,0.04,0
12-Apr-20,0.07,0
13-Apr-20,0.28,0
14-Apr-20,0.11,0
15-Apr-20,0.14,0.33
16-Apr-20,0.16,0.06
17-Apr-20,0.15,0
18-Apr-20,0.19,0.05
19-Apr-20,0.28,0.31
20-Apr-20,0.18,0.19
21-Apr-20,0.12,0.15
22-Apr-20,0.06,0
23-Apr-20,0.07,0.03
24-Apr-20,0.07,0.04
25-Apr-20,0.1,0.12
26-Apr-20,0.04,0.67
27-Apr-20,0.09,2.06
28-Apr-20,0.07,0.76
29-Apr-20,0.06,0.53
30-Apr-20,0.13,0.02
01-May-20,0.12,0.26
02-May-20,0.1,0
03-May-20,0.11,0
04-May-20,0.19,1.24
05-May-20,0.17,3.22
06-May-20,0.09,0.35
07-May-20,0.07,0.52
08-May-20,0.07,0
09-May-20,0.12,0.71
13-May-20,0.13,0.41
14-May-20,0.21,1.5
15-May-20,0.26,0.07
16-May-20,0.21,0.54
17-May-20,0.13,0.18
18-May-20,0.2,0.22
19-May-20,0.27,0.44
20-May-20,0.19,0
21-May-20,0.21,0
22-May-20,0.21,0
23-May-20,0.17,0
24-May-20,0.19,0
25-May-20,0.25,0
26-May-20,0.28,0
27-May-20,0.4,0
28-May-20,0.4,0.06
29-May-20,0.62,0.54
30-May-20,0.74,1.75
31-May-20,1.03,0.59
01-Jun-20,1.2,0.85
02-Jun-20,1.11,4.05
03-Jun-20,0.91,0.76
04-Jun-20,0.94,18.77
05-Jun-20,1.29,20.3
06-Jun-20,1.45,3.74
07-Jun-20,2.21,1.69
08-Jun-20,2.32,2.29
09-Jun-20,2.04,1.12
10-Jun-20,2.17,1.69
11-Jun-20,2.34,2.78
12-Jun-20,2.46,4.51
13-Jun-20,2.72,6.73
14-Jun-20,2.83,8.68
15-Jun-20,3.1,11.16
16-Jun-20,3.22,10.15
17-Jun-20,3.67,8.59
18-Jun-20,4.27,7.02
19-Jun-20,4.2,11.07
20-Jun-20,4.14,6.21
21-Jun-20,4.77,3.29
22-Jun-20,5.62,4.65
23-Jun-20,5.99,12.03
24-Jun-20,6.22,8.24
25-Jun-20,7.98,2.98
26-Jun-20,7.95,4.27
27-Jun-20,9.65,16.84
28-Jun-20,9.93,5.6
29-Jun-20,8.56,6.63
30-Jun-20,8.24,8.56
01-Jul-20,9.4,7.7
02-Jul-20,9.3,5.06
03-Jul-20,9.02,4.93
04-Jul-20,9.27,7.97
05-Jul-20,10.2,7.68
06-Jul-20,12.6,15.27
07-Jul-20,11.63,14.69
08-Jul-20,10.72,2.92
09-Jul-20,11,3.59
10-Jul-20,10.03,5.49
11-Jul-20,10.82,3.08
12-Jul-20,11.88,1.3
13-Jul-20,12.85,4.79
29-Jul-20,11.54,8.87
30-Jul-20,10.73,13.53
31-Jul-20,10.68,2.07
01-Aug-20,12.07,2.48
02-Aug-20,11.53,3.27
03-Aug-20,13.06,7.64
04-Aug-20,13.91,9.26
05-Aug-20,13.58,15.29
06-Aug-20,12.39,18.83
07-Aug-20,11.84,9.39
08-Aug-20,13.15,7.54
09-Aug-20,13.09,9.99
10-Aug-20,13.21,14.28
11-Aug-20,11.15,5.98
12-Aug-20,10.29,12.02
13-Aug-20,10.52,19.6
14-Aug-20,11.46,22.74
15-Aug-20,12.81,8.12
16-Aug-20,13.73,5.72
17-Aug-20,12.4,17.53
18-Aug-20,11.46,18.05
19-Aug-20,11.43,11.15
20-Aug-20,10.46,12.5
21-Aug-20,9.42,18.35
22-Aug-20,9.16,46.59
23-Aug-20,10.81,24.45
24-Aug-20,9.39,6.39
25-Aug-20,9.11,1.47
26-Aug-20,9.13,0.46
27-Aug-20,8.12,10.66
28-Aug-20,8.79,35.05
29-Aug-20,10.08,48.02
30-Aug-20,10.11,42.78
31-Aug-20,10.43,3.15
01-Sep-20,9.52,0.38
02-Sep-20,9.36,0.16
03-Sep-20,9.5,7.8
04-Sep-20,9.18,4.5
05-Sep-20,10.54,1.83
06-Sep-20,8.96,2.13
07-Sep-20,7.61,2.36
08-Sep-20,8.26,1.49
09-Sep-20,9.2,1.08
10-Sep-20,7.75,3.21
11-Sep-20,7.19,11.47
12-Sep-20,7.74,3.56
13-Sep-20,6.9,2.97
14-Sep-20,7.28,4.95
15-Sep-20,8.54,3.41
16-Sep-20,6.97,2.99
17-Sep-20,5.61,6.67
18-Sep-20,4.5,2.98
19-Sep-20,3.67,1.35
20-Sep-20,4.13,5.65
21-Sep-20,4.34,4.46
22-Sep-20,4.76,8.04
23-Sep-20,4.88,20.74
24-Sep-20,4.16,20.98
25-Sep-20,3.69,4.67
26-Sep-20,3,0.44
27-Sep-20,3.18,1.55
28-Sep-20,2.51,0.64
29-Sep-20,2.37,1.32
30-Sep-20,2.14,0.44
01-Oct-20,1.87,0.52
02-Oct-20,2.51,0.29
03-Oct-20,2.52,0.13
04-Oct-20,2.82,1.2
05-Oct-20,1.83,1.06
06-Oct-20,1.63,0.59
07-Oct-20,1.77,2.02
08-Oct-20,1.82,3.39
09-Oct-20,2.09,0.62
10-Oct-20,2.02,1.07
11-Oct-20,1.86,0.99
12-Oct-20,1.72,0.33
13-Oct-20,1.76,0.21
14-Oct-20,0.76,0.27
15-Oct-20,0.38,0.06
16-Oct-20,0.36,0.25
17-Oct-20,0.71,0.16
18-Oct-20,1.13,0.02
19-Oct-20,1.29,1.71
20-Oct-20,0.55,0.59
21-Oct-20,0.57,0.27
22-Oct-20,0.26,0.54
23-Oct-20,0.33,0.12
24-Oct-20,0.39,0
25-Oct-20,0.23,0
26-Oct-20,0.11,0
27-Oct-20,0.24,0
28-Oct-20,0.23,0
29-Oct-20,0.34,0
30-Oct-20,0.56,0
31-Oct-20,0.53,0
01-Nov-20,0.75,0
02-Nov-20,0.12,0
03-Nov-20,0.14,0
04-Nov-20,0.15,0
05-Nov-20,0.35,0
06-Nov-20,0.57,0
07-Nov-20,0.68,0
08-Nov-20,0.52,0
09-Nov-20,0.55,0
10-Nov-20,0.78,0
11-Nov-20,0.6,0
12-Nov-20,0.24,0
13-Nov-20,0.26,0
14-Nov-20,0.31,0
15-Nov-20,0.24,0
16-Nov-20,0.1,1.51
17-Nov-20,0.11,0
18-Nov-20,0.29,0.14
19-Nov-20,0.36,0.89
20-Nov-20,0.59,1.82
21-Nov-20,0.26,0.27
22-Nov-20,0.54,0
23-Nov-20,0.54,0
24-Nov-20,0.7,0
25-Nov-20,0.28,0
26-Nov-20,0.46,0.02
27-Nov-20,0.32,0.47
28-Nov-20,0.73,0.01
29-Nov-20,0.59,0
30-Nov-20,0.44,0
01-Dec-20,0.46,0
02-Dec-20,0.3,0
03-Dec-20,0.14,0
04-Dec-20,0.21,0
05-Dec-20,0.49,0
06-Dec-20,0.17,0
07-Dec-20,0.13,0
08-Dec-20,0.22,0
09-Dec-20,0.24,0
10-Dec-20,0.35,0
11-Dec-20,0.45,0.08
12-Dec-20,0.35,2.78
13-Dec-20,0.28,1.31
14-Dec-20,0.16,0.35
15-Dec-20,0.04,0.58
16-Dec-20,0.19,1.28
17-Dec-20,0.13,0.11
18-Dec-20,0.17,0
19-Dec-20,0.12,0
20-Dec-20,0.29,0
21-Dec-20,0.15,0
22-Dec-20,0.14,0
23-Dec-20,0.45,0
24-Dec-20,0.43,0
25-Dec-20,0.29,0
26-Dec-20,0.2,0
27-Dec-20,0.24,0
28-Dec-20,0.21,0
29-Dec-20,0.3,0
30-Dec-20,0.14,0
31-Dec-20,0.2,0
01-Jan-21,0.31,0
02-Jan-21,0.45,0
03-Jan-21,0.34,0.21
04-Jan-21,0.41,0.41
05-Jan-21,0.52,0.3
06-Jan-21,0.4,0.03
07-Jan-21,0.46,0.01
08-Jan-21,0.51,0.25
09-Jan-21,0.69,0.87
10-Jan-21,0.6,0.38
11-Jan-21,0.81,0
12-Jan-21,0.39,0
13-Jan-21,0.62,0
14-Jan-21,0.67,0
15-Jan-21,0.63,0
16-Jan-21,0.63,0
17-Jan-21,0.59,0
18-Jan-21,0.44,0
19-Jan-21,0.57,0
20-Jan-21,0.72,0
21-Jan-21,0.51,0
22-Jan-21,0.51,0
23-Jan-21,0.32,0
24-Jan-21,0.37,0
25-Jan-21,0.55,0
26-Jan-21,0.89,0
27-Jan-21,0.98,0
28-Jan-21,1.13,0
29-Jan-21,0.85,0.79
30-Jan-21,0.44,0.01
31-Jan-21,0.41,0
01-Feb-21,0.24,0
02-Feb-21,0.17,0
03-Feb-21,0.28,0
04-Feb-21,0.37,0
05-Feb-21,0.45,0.01
06-Feb-21,0.44,0.08
07-Feb-21,0.36,0
08-Feb-21,0.34,0
09-Feb-21,0.29,0
10-Feb-21,0.62,0
11-Feb-21,0.23,0
12-Feb-21,0.24,0
13-Feb-21,0.4,0
14-Feb-21,0.55,0
15-Feb-21,0.46,0
16-Feb-21,0.49,0.11
17-Feb-21,0.46,4.98
18-Feb-21,0.58,0.28
19-Feb-21,0.92,1.18
20-Feb-21,0.57,0.02
21-Feb-21,0.43,0
22-Feb-21,0.39,0
23-Feb-21,0.34,0
24-Feb-21,0.3,0
25-Feb-21,0.48,0
26-Feb-21,0.33,0
27-Feb-21,0.61,0
28-Feb-21,0.4,0
01-Mar-21,0.35,0
02-Mar-21,0.38,0
03-Mar-21,0.47,0
04-Mar-21,0.35,0
05-Mar-21,0.25,0
06-Mar-21,0.14,0
07-Mar-21,0.16,0
08-Mar-21,0.22,0
09-Mar-21,0.24,0
10-Mar-21,0.26,0
11-Mar-21,0.44,0
12-Mar-21,0.39,0.18
13-Mar-21,0.18,4.04
14-Mar-21,0.19,0
15-Mar-21,0.13,0
16-Mar-21,0.24,0
17-Mar-21,0.13,0.08
18-Mar-21,0.16,0.01
19-Mar-21,0.19,1.16
20-Mar-21,0.31,1.29
21-Mar-21,0.29,0.3
22-Mar-21,0.37,0.02
23-Mar-21,0.3,0.28
24-Mar-21,0.24,0.28
25-Mar-21,0.42,0
26-Mar-21,0.48,0
27-Mar-21,0.3,0
28-Mar-21,0.3,0
29-Mar-21,0.47,0
30-Mar-21,0.33,0
31-Mar-21,0.24,0
01-Apr-21,0.21,0
02-Apr-21,0.19,0
03-Apr-21,0.18,0
04-Apr-21,0.14,0
05-Apr-21,0.11,0
06-Apr-21,0.18,0
07-Apr-21,0.18,0
08-Apr-21,0.15,0
09-Apr-21,0.09,0.01
10-Apr-21,0.1,0
11-Apr-21,0.04,0.53
12-Apr-21,0.07,0.65
13-Apr-21,0.28,0
14-Apr-21,0.11,0
15-Apr-21,0.14,0.06
16-Apr-21,0.16,0
17-Apr-21,0.15,0.01
18-Apr-21,0.19,0.01
19-Apr-21,0.28,0
20-Apr-21,0.18,0
21-Apr-21,0.12,0.1
22-Apr-21,0.06,0.13
23-Apr-21,0.07,0
24-Apr-21,0.07,0
25-Apr-21,0.1,0.01
26-Apr-21,0.04,0
28-Apr-21,0.07,0
29-Apr-21,0.06,0
30-Apr-21,0.13,0
01-May-21,0.12,0.02
02-May-21,0.1,0.33
03-May-21,0.11,0.53
04-May-21,0.19,0.75
05-May-21,0.17,0.01
06-May-21,0.09,0.11
07-May-21,0.07,0.43
08-May-21,0.07,0.5
09-May-21,0.12,0.94
11-May-21,0.09,5.23
12-May-21,0.12,0.76
13-May-21,0.13,1.05
14-May-21,0.21,0.73
15-May-21,0.26,0.4
16-May-21,0.21,1.06
17-May-21,0.13,3.5
18-May-21,0.2,8.48
19-May-21,0.27,16.15
20-May-21,0.19,8.08
21-May-21,0.21,0.88
22-May-21,0.21,0.11
23-May-21,0.17,0.39
25-May-21,0.25,0.09
26-May-21,0.28,0
27-May-21,0.4,0.26
28-May-21,0.4,1.33
29-May-21,0.62,0.62
30-May-21,0.74,0.78
31-May-21,1.03,1.89
01-Jun-21,1.2,0.57
02-Jun-21,1.11,2.79
03-Jun-21,0.91,2.05
04-Jun-21,0.94,2.24
05-Jun-21,1.29,2.3
06-Jun-21,1.45,1.17
07-Jun-21,2.21,1.73
08-Jun-21,2.32,1.43
09-Jun-21,2.04,8.08
10-Jun-21,2.17,5.93
11-Jun-21,2.34,13.81
13-Jun-21,2.72,8.42
14-Jun-21,2.83,5.23
15-Jun-21,3.1,4.97
16-Jun-21,3.22,5.84
17-Jun-21,3.67,4.75
18-Jun-21,4.27,13.06
19-Jun-21,4.2,10.52
20-Jun-21,4.14,2.36
22-Jun-21,5.62,1.26
26-Jun-21,7.95,2.18
27-Jun-21,9.65,3.38
28-Jun-21,9.93,5.21
30-Jun-21,8.24,1.45
01-Jul-21,9.4,2.5
02-Jul-21,9.3,1.11
03-Jul-21,9.02,2.48
04-Jul-21,9.27,1.87
05-Jul-21,10.2,1.07
06-Jul-21,12.6,2.77
07-Jul-21,11.63,2.71
08-Jul-21,10.72,2.7
09-Jul-21,11,9.58
10-Jul-21,10.03,1.75
11-Jul-21,10.82,5.44
12-Jul-21,11.88,8.74
13-Jul-21,12.85,1.71
16-Jul-21,10.44,1.69
17-Jul-21,10.37,0.45
18-Jul-21,10.15,2.88
19-Jul-21,11.07,12.99
20-Jul-21,11.55,10.46
21-Jul-21,11.18,14.08
22-Jul-21,11.18,11.78
23-Jul-21,10.81,23.55
24-Jul-21,10.78,22.93
25-Jul-21,11.19,34.26
26-Jul-21,12.77,19.76
27-Jul-21,11.94,11.94
28-Jul-21,12.16,19.28
29-Jul-21,11.54,10.25
30-Jul-21,10.73,10.83
31-Jul-21,10.68,18.72
01-Aug-21,12.07,16.68
02-Aug-21,11.53,31.44
03-Aug-21,13.06,26.86
04-Aug-21,13.91,10.19
05-Aug-21,13.58,12.33
06-Aug-21,12.39,15.04
07-Aug-21,11.84,10.76
08-Aug-21,13.15,7.51
09-Aug-21,13.09,7.81
10-Aug-21,13.21,15.76
11-Aug-21,11.15,9.63
12-Aug-21,10.29,1.28
13-Aug-21,10.52,0.43
14-Aug-21,11.46,0.36
15-Aug-21,12.81,0.27
16-Aug-21,13.73,0.3
17-Aug-21,12.4,2.33
18-Aug-21,11.46,15.41
19-Aug-21,11.43,14.77
20-Aug-21,10.46,14.76
21-Aug-21,9.42,11.76
22-Aug-21,9.16,4.25
23-Aug-21,10.81,1.45
24-Aug-21,9.39,1.3
25-Aug-21,9.11,1.74
26-Aug-21,9.13,1.73
27-Aug-21,8.12,0.15
28-Aug-21,8.79,0.94
29-Aug-21,10.08,2.4
30-Aug-21,10.11,11.38
31-Aug-21,10.43,9.24
01-Sep-21,9.52,7.68
02-Sep-21,9.36,5.45
03-Sep-21,9.5,1.4
04-Sep-21,9.18,11.25
05-Sep-21,10.54,8.33
06-Sep-21,8.96,6.31
07-Sep-21,7.61,4.4
08-Sep-21,8.26,8.55
09-Sep-21,9.2,10.67
10-Sep-21,7.75,12.1
11-Sep-21,7.19,14.17
12-Sep-21,7.74,7.25
13-Sep-21,6.9,5.57
14-Sep-21,7.28,6.65
15-Sep-21,8.54,19.78
16-Sep-21,6.97,22.22
17-Sep-21,5.61,11.05
18-Sep-21,4.5,10.57
19-Sep-21,3.67,4.76
20-Sep-21,4.13,3.43
21-Sep-21,4.34,6.47
22-Sep-21,4.76,5.56
23-Sep-21,4.88,5.83
24-Sep-21,4.16,5.62
25-Sep-21,3.69,11.17
26-Sep-21,3,11.82
27-Sep-21,3.18,5.1
28-Sep-21,2.51,2.87
29-Sep-21,2.37,3.83
30-Sep-21,2.14,0.98
01-Oct-21,1.87,5.55
02-Oct-21,2.51,3.29
03-Oct-21,2.52,2.11
04-Oct-21,2.82,3.35
05-Oct-21,1.83,1.62
06-Oct-21,1.63,2.45
07-Oct-21,1.77,1
08-Oct-21,1.82,0.45
09-Oct-21,2.09,0.63
10-Oct-21,2.02,0
11-Oct-21,1.86,0.13
12-Oct-21,1.72,0.5
13-Oct-21,1.76,0.01
14-Oct-21,0.76,0.01
15-Oct-21,0.38,0
16-Oct-21,0.36,0.23
17-Oct-21,0.71,4.45
18-Oct-21,1.13,23.65
19-Oct-21,1.29,4.6
20-Oct-21,0.55,0.66
21-Oct-21,0.57,0
22-Oct-21,0.26,0
23-Oct-21,0.33,0
24-Oct-21,0.39,0
25-Oct-21,0.23,0
26-Oct-21,0.11,0
27-Oct-21,0.24,0.02
28-Oct-21,0.23,0
29-Oct-21,0.34,0
30-Oct-21,0.56,0
31-Oct-21,0.53,0
01-Nov-21,0.75,0
02-Nov-21,0.12,0
03-Nov-21,0.14,0
04-Nov-21,0.15,0
05-Nov-21,0.35,0.01
06-Nov-21,0.57,0
07-Nov-21,0.68,0
08-Nov-21,0.52,0
09-Nov-21,0.55,0
10-Nov-21,0.78,0
11-Nov-21,0.6,0
12-Nov-21,0.24,0
13-Nov-21,0.26,0.05
14-Nov-21,0.31,0.02
15-Nov-21,0.24,0
16-Nov-21,0.1,0
17-Nov-21,0.11,0
18-Nov-21,0.29,0
19-Nov-21,0.36,2.17
20-Nov-21,0.59,0.83
21-Nov-21,0.26,0.48
22-Nov-21,0.54,0.52
23-Nov-21,0.54,0.44
24-Nov-21,0.7,0
25-Nov-21,0.28,0
26-Nov-21,0.46,0
27-Nov-21,0.32,0
28-Nov-21,0.73,0
29-Nov-21,0.59,0
30-Nov-21,0.44,0
01-Dec-21,0.46,0.03
02-Dec-21,0.3,1.81
03-Dec-21,0.14,0.71
04-Dec-21,0.21,0
05-Dec-21,0.49,0
06-Dec-21,0.17,0
07-Dec-21,0.13,0
08-Dec-21,0.22,0
09-Dec-21,0.24,0
10-Dec-21,0.35,0
11-Dec-21,0.45,0
12-Dec-21,0.35,0
13-Dec-21,0.28,0
14-Dec-21,0.16,0
15-Dec-21,0.04,0
16-Dec-21,0.19,0
17-Dec-21,0.13,0
18-Dec-21,0.17,0
19-Dec-21,0.12,0
20-Dec-21,0.29,0
21-Dec-21,0.15,0
22-Dec-21,0.14,0
23-Dec-21,0.45,0
24-Dec-21,0.43,0
25-Dec-21,0.29,0
26-Dec-21,0.2,0
27-Dec-21,0.24,0
28-Dec-21,0.21,1.99
29-Dec-21,0.3,8.29
30-Dec-21,0.14,0.38
31-Dec-21,0.2,0.03
01-Jan-22,0.31,0
02-Jan-22,0.45,0
03-Jan-22,0.34,0
04-Jan-22,0.41,0
05-Jan-22,0.52,0
06-Jan-22,0.4,1.68
07-Jan-22,0.46,5.66
08-Jan-22,0.51,6.52
09-Jan-22,0.69,6.29
10-Jan-22,0.6,5.66
11-Jan-22,0.81,0.55
12-Jan-22,0.39,1.2
13-Jan-22,0.62,0.16
14-Jan-22,0.67,0
15-Jan-22,0.63,1
16-Jan-22,0.63,0
17-Jan-22,0.59,0
18-Jan-22,0.44,0
19-Jan-22,0.57,0
20-Jan-22,0.72,0
21-Jan-22,0.51,0
22-Jan-22,0.51,0.54
23-Jan-22,0.32,2.26
24-Jan-22,0.37,0.05
25-Jan-22,0.55,0
26-Jan-22,0.89,0
27-Jan-22,0.98,0
28-Jan-22,1.13,0
29-Jan-22,0.85,0
30-Jan-22,0.44,0
31-Jan-22,0.41,0
01-Feb-22,0.24,0
02-Feb-22,0.17,0
03-Feb-22,0.28,0
04-Feb-22,0.37,0.61
05-Feb-22,0.45,0
06-Feb-22,0.44,0
07-Feb-22,0.36,0
08-Feb-22,0.34,0
09-Feb-22,0.29,0
10-Feb-22,0.62,0.92
11-Feb-22,0.23,0
12-Feb-22,0.24,0
13-Feb-22,0.4,0
14-Feb-22,0.55,0
16-Feb-22,0.49,0
17-Feb-22,0.46,0
18-Feb-22,0.58,0
19-Feb-22,0.92,0.03
20-Feb-22,0.57,0.25
21-Feb-22,0.43,0
22-Feb-22,0.39,0
23-Feb-22,0.34,0
24-Feb-22,0.3,0
25-Feb-22,0.48,0.36
26-Feb-22,0.33,0
27-Feb-22,0.61,0.52
28-Feb-22,0.4,0.35
01-Mar-22,0.35,0.33
02-Mar-22,0.38,0.01
03-Mar-22,0.47,0.02
04-Mar-22,0.35,0.1
05-Mar-22,0.25,0.09
06-Mar-22,0.14,0
07-Mar-22,0.16,0
08-Mar-22,0.22,0.32
09-Mar-22,0.24,0.2
10-Mar-22,0.26,0.47
11-Mar-22,0.44,0.02
12-Mar-22,0.39,0
13-Mar-22,0.18,0
14-Mar-22,0.19,0
15-Mar-22,0.13,0
16-Mar-22,0.24,0
17-Mar-22,0.13,0
18-Mar-22,0.16,0
19-Mar-22,0.19,0
20-Mar-22,0.31,0
22-Mar-22,0.37,0
23-Mar-22,0.3,0
24-Mar-22,0.24,0
25-Mar-22,0.42,0
26-Mar-22,0.48,0
27-Mar-22,0.3,0
28-Mar-22,0.3,0
29-Mar-22,0.47,0
30-Mar-22,0.33,0
31-Mar-22,0.24,0
01-Apr-22,0.21,0
02-Apr-22,0.19,0
04-Apr-22,0.14,0
05-Apr-22,0.11,0
06-Apr-22,0.18,0
08-Apr-22,0.15,0
09-Apr-22,0.09,0
10-Apr-22,0.1,0
11-Apr-22,0.04,0
12-Apr-22,0.07,0
13-Apr-22,0.28,0
14-Apr-22,0.11,0.02
15-Apr-22,0.14,0
16-Apr-22,0.16,0
17-Apr-22,0.15,0
18-Apr-22,0.19,0
19-Apr-22,0.28,0
20-Apr-22,0.18,0
21-Apr-22,0.12,0
22-Apr-22,0.06,0.08
23-Apr-22,0.07,0
24-Apr-22,0.07,0
25-Apr-22,0.1,0
26-Apr-22,0.04,0
27-Apr-22,0.09,0
28-Apr-22,0.07,0
29-Apr-22,0.06,0
30-Apr-22,0.13,0
01-May-22,0.12,0
02-May-22,0.1,0.02
03-May-22,0.11,0.12
04-May-22,0.19,0
05-May-22,0.17,0.08
06-May-22,0.09,0.01
07-May-22,0.07,0.03
08-May-22,0.07,0
09-May-22,0.12,0
10-May-22,0.15,0
11-May-22,0.09,0
12-May-22,0.12,0
13-May-22,0.13,0.17
14-May-22,0.21,0
15-May-22,0.26,0.08
16-May-22,0.21,0.07
17-May-22,0.13,0.01
18-May-22,0.2,0
19-May-22,0.27,0.15
20-May-22,0.19,0.01
21-May-22,0.21,0.01
22-May-22,0.21,0.17
23-May-22,0.17,0.54
24-May-22,0.19,3.6
25-May-22,0.25,0.34
26-May-22,0.28,0.99
27-May-22,0.4,0.33
28-May-22,0.4,0.7
29-May-22,0.62,0.29
30-May-22,0.74,0.74
31-May-22,1.03,0.42
01-Jun-22,1.2,0.03
02-Jun-22,1.11,0.01
03-Jun-22,0.91,0
04-Jun-22,0.94,0
05-Jun-22,1.29,0
06-Jun-22,1.45,0
07-Jun-22,2.21,0
08-Jun-22,2.32,0
09-Jun-22,2.04,0.01
10-Jun-22,2.17,0.16
11-Jun-22,2.34,0.3
12-Jun-22,2.46,4.57
13-Jun-22,2.72,1.77
14-Jun-22,2.83,1.53
15-Jun-22,3.1,1.54
16-Jun-22,3.22,4.3
17-Jun-22,3.67,8.61
18-Jun-22,4.27,7.75
19-Jun-22,4.2,16.72
20-Jun-22,4.14,13.76
21-Jun-22,4.77,11.96
22-Jun-22,5.62,2.05
23-Jun-22,5.99,4.82
24-Jun-22,6.22,5.96
25-Jun-22,7.98,2.58
26-Jun-22,7.95,1.49
27-Jun-22,9.65,2.27
28-Jun-22,9.93,1.59
29-Jun-22,8.56,4.71
30-Jun-22,8.24,14.86
01-Jul-22,9.4,12.22
02-Jul-22,9.3,7.42
03-Jul-22,9.02,6.59
04-Jul-22,9.27,11.08
05-Jul-22,10.2,15.73
06-Jul-22,12.6,13.83
07-Jul-22,11.63,10.67
08-Jul-22,10.72,7.06
09-Jul-22,11,11.48
10-Jul-22,10.03,14.79
11-Jul-22,10.82,18.46
12-Jul-22,11.88,14.63
13-Jul-22,12.85,17.78
14-Jul-22,10.57,20.31
15-Jul-22,10.1,18.76
18-Jul-22,10.15,23.71
19-Jul-22,11.07,18.99
20-Jul-22,11.55,4.24
21-Jul-22,11.18,16.93
22-Jul-22,11.18,6.02
23-Jul-22,10.81,20.69
24-Jul-22,10.78,22.08
25-Jul-22,11.19,18.56
26-Jul-22,12.77,14.31
27-Jul-22,11.94,9.09
28-Jul-22,12.16,3.41
29-Jul-22,11.54,6.55
30-Jul-22,10.73,5.77
31-Jul-22,10.68,5.07
01-Aug-22,12.07,1.15
02-Aug-22,11.53,0.88
03-Aug-22,13.06,3.8
04-Aug-22,13.91,7.04
05-Aug-22,13.58,11.28
06-Aug-22,12.39,6.43
07-Aug-22,11.84,7.56
08-Aug-22,13.15,11.43
09-Aug-22,13.09,11.3
10-Aug-22,13.21,28.81
11-Aug-22,11.15,29.09
12-Aug-22,10.29,22.85
13-Aug-22,10.52,17.42
14-Aug-22,11.46,14.01
15-Aug-22,12.81,32.74
16-Aug-22,13.73,51.35
17-Aug-22,12.4,9.3
18-Aug-22,11.46,1.17
19-Aug-22,11.43,0.56
20-Aug-22,10.46,7.45
21-Aug-22,9.42,37.27
22-Aug-22,9.16,60.2
23-Aug-22,10.81,37.87
24-Aug-22,9.39,4.61
25-Aug-22,9.11,5.15
26-Aug-22,9.13,1.93
27-Aug-22,8.12,0.77
28-Aug-22,8.79,5.44
29-Aug-22,10.08,8.78
30-Aug-22,10.11,5.78
31-Aug-22,10.43,3.09
01-Sep-22,9.52,4.21
02-Sep-22,9.36,13.21
03-Sep-22,9.5,2.33
04-Sep-22,9.18,8.53
05-Sep-22,10.54,13.1
06-Sep-22,8.96,3.63
07-Sep-22,7.61,2.23
08-Sep-22,8.26,3.27
09-Sep-22,9.2,1.61
10-Sep-22,7.75,1.01
11-Sep-22,7.19,4.05
12-Sep-22,7.74,9.35
13-Sep-22,6.9,19.05
14-Sep-22,7.28,28.51
15-Sep-22,8.54,28.01
16-Sep-22,6.97,14.53
17-Sep-22,5.61,9.2
18-Sep-22,4.5,2.24
19-Sep-22,3.67,0.27
20-Sep-22,4.13,3.53
21-Sep-22,4.34,12.37
22-Sep-22,4.76,15.76
23-Sep-22,4.88,9.7
24-Sep-22,4.16,7.94
25-Sep-22,3.69,0.96
26-Sep-22,3,0.06
27-Sep-22,3.18,2.84
28-Sep-22,2.51,1.73
29-Sep-22,2.37,0.71
30-Sep-22,2.14,0.56
01-Oct-22,1.87,0.72
02-Oct-22,2.51,0.28
03-Oct-22,2.52,0.14
04-Oct-22,2.82,0.76
05-Oct-22,1.83,6.02
06-Oct-22,1.63,9.24
07-Oct-22,1.77,18.37
08-Oct-22,1.82,14.89
09-Oct-22,2.09,5.96
10-Oct-22,2.02,3.57
11-Oct-22,1.86,23.05
12-Oct-22,1.72,5.9
13-Oct-22,1.76,1.18
14-Oct-22,0.76,0.09
15-Oct-22,0.38,0.02
16-Oct-22,0.36,0.02
17-Oct-22,0.71,0.84
18-Oct-22,1.13,1.76
19-Oct-22,1.29,0.35
20-Oct-22,0.55,0
21-Oct-22,0.57,0
22-Oct-22,0.26,0
23-Oct-22,0.33,0
24-Oct-22,0.39,0
25-Oct-22,0.23,0
26-Oct-22,0.11,0
27-Oct-22,0.24,0
28-Oct-22,0.23,0
29-Oct-22,0.34,0
30-Oct-22,0.56,0
31-Oct-22,0.53,0
01-Nov-22,0.75,0
02-Nov-22,0.12,0
03-Nov-22,0.14,0
04-Nov-22,0.15,0
05-Nov-22,0.35,0
06-Nov-22,0.57,0
07-Nov-22,0.68,0
08-Nov-22,0.52,0
09-Nov-22,0.55,0
10-Nov-22,0.78,0
11-Nov-22,0.6,0
12-Nov-22,0.24,0
13-Nov-22,0.26,0
14-Nov-22,0.31,0
15-Nov-22,0.24,0
16-Nov-22,0.1,0
17-Nov-22,0.11,0
18-Nov-22,0.29,0
19-Nov-22,0.36,0
20-Nov-22,0.59,0
21-Nov-22,0.26,0
22-Nov-22,0.54,0
23-Nov-22,0.54,0
24-Nov-22,0.7,0
25-Nov-22,0.28,0
26-Nov-22,0.46,0
27-Nov-22,0.32,0
28-Nov-22,0.73,0
29-Nov-22,0.59,0
30-Nov-22,0.44,0
01-Dec-22,0.46,0
02-Dec-22,0.3,0
03-Dec-22,0.14,0
04-Dec-22,0.21,0
05-Dec-22,0.49,0
06-Dec-22,0.17,0
07-Dec-22,0.13,0
08-Dec-22,0.22,0
09-Dec-22,0.24,0
10-Dec-22,0.35,0
11-Dec-22,0.45,0
12-Dec-22,0.35,0
13-Dec-22,0.28,0.4
14-Dec-22,0.16,0.22
15-Dec-22,0.04,0.59
16-Dec-22,0.19,0.09
17-Dec-22,0.13,0.03
18-Dec-22,0.17,0.01
19-Dec-22,0.12,0
20-Dec-22,0.29,0
21-Dec-22,0.15,0
22-Dec-22,0.14,0
23-Dec-22,0.45,0
24-Dec-22,0.43,0
25-Dec-22,0.29,0
26-Dec-22,0.2,0
27-Dec-22,0.24,0
28-Dec-22,0.21,0
29-Dec-22,0.3,0
30-Dec-22,0.14,0
31-Dec-22,0.2,0
01-Jan-23,0.31,0
02-Jan-23,0.45,0
03-Jan-23,0.34,0
04-Jan-23,0.41,0
05-Jan-23,0.52,0.08
06-Jan-23,0.4,0.07
07-Jan-23,0.46,0
08-Jan-23,0.51,0
09-Jan-23,0.69,0
10-Jan-23,0.6,0
11-Jan-23,0.81,0
12-Jan-23,0.39,0
13-Jan-23,0.62,0
14-Jan-23,0.67,0
15-Jan-23,0.63,0
16-Jan-23,0.63,0
18-Jan-23,0.44,0
19-Jan-23,0.57,0
20-Jan-23,0.72,0
21-Jan-23,0.51,0.05
22-Jan-23,0.51,0.02
23-Jan-23,0.32,0.1
24-Jan-23,0.37,0.04
25-Jan-23,0.55,0.64
26-Jan-23,0.89,2.46
27-Jan-23,0.98,0.3
28-Jan-23,1.13,0
29-Jan-23,0.85,0
30-Jan-23,0.44,0.89
31-Jan-23,0.41,0.61
01-Feb-23,0.24,0
02-Feb-23,0.17,0
03-Feb-23,0.28,0
04-Feb-23,0.37,0
05-Feb-23,0.45,0
06-Feb-23,0.44,0
07-Feb-23,0.36,0
08-Feb-23,0.34,0
09-Feb-23,0.29,0
10-Feb-23,0.62,0
11-Feb-23,0.23,0
12-Feb-23,0.24,0
13-Feb-23,0.4,0
14-Feb-23,0.55,0
15-Feb-23,0.46,0
16-Feb-23,0.49,0
17-Feb-23,0.46,0
18-Feb-23,0.58,0
19-Feb-23,0.92,0
20-Feb-23,0.57,0
21-Feb-23,0.43,0
22-Feb-23,0.39,0
23-Feb-23,0.34,0
24-Feb-23,0.3,0
25-Feb-23,0.48,0
26-Feb-23,0.33,0
27-Feb-23,0.61,0
28-Feb-23,0.4,0
01-Mar-23,0.35,0
02-Mar-23,0.38,0.02
03-Mar-23,0.47,0.01
04-Mar-23,0.35,0
05-Mar-23,0.25,0.32
06-Mar-23,0.14,0.1
07-Mar-23,0.16,1.15
08-Mar-23,0.22,0.17
09-Mar-23,0.24,0.79
10-Mar-23,0.26,0.16
11-Mar-23,0.44,0
12-Mar-23,0.39,0
13-Mar-23,0.18,0
14-Mar-23,0.19,0
15-Mar-23,0.13,0.08
16-Mar-23,0.24,0.34
17-Mar-23,0.13,0.51
18-Mar-23,0.16,4.5
19-Mar-23,0.19,2.52
20-Mar-23,0.31,6.24
21-Mar-23,0.29,2.49
22-Mar-23,0.37,1.03
23-Mar-23,0.3,0.33
24-Mar-23,0.24,0
25-Mar-23,0.42,0
26-Mar-23,0.48,0.06
27-Mar-23,0.3,1.14
28-Mar-23,0.3,0.01
29-Mar-23,0.47,0
30-Mar-23,0.33,0.02
31-Mar-23,0.24,0.54
01-Apr-23,0.21,1.58
02-Apr-23,0.19,0.02
03-Apr-23,0.18,0
04-Apr-23,0.14,0
05-Apr-23,0.11,0.03
06-Apr-23,0.18,0.02
07-Apr-23,0.18,0.03
08-Apr-23,0.15,0.72
09-Apr-23,0.09,0.59
10-Apr-23,0.1,0.54
11-Apr-23,0.04,0.06
12-Apr-23,0.07,0
13-Apr-23,0.28,0.01
14-Apr-23,0.11,0
15-Apr-23,0.14,0
16-Apr-23,0.16,0.01
17-Apr-23,0.15,0.01
18-Apr-23,0.19,0
19-Apr-23,0.28,0.03
20-Apr-23,0.18,0.05
21-Apr-23,0.12,0.68
22-Apr-23,0.06,0.1
23-Apr-23,0.07,0.36
24-Apr-23,0.07,0.36
25-Apr-23,0.1,0.96
26-Apr-23,0.04,1.24
27-Apr-23,0.09,2.9
28-Apr-23,0.07,0.94
29-Apr-23,0.06,6.06
30-Apr-23,0.13,5.62
01-May-23,0.12,7.2
02-May-23,0.1,4.81
03-May-23,0.11,5.18
04-May-23,0.19,1.71
05-May-23,0.17,2.19
06-May-23,0.09,0.08
07-May-23,0.07,0.1
08-May-23,0.07,0.08
09-May-23,0.12,0.2
10-May-23,0.15,0.01
11-May-23,0.09,0
12-May-23,0.12,0
13-May-23,0.13,0
14-May-23,0.21,0
15-May-23,0.26,0.02
16-May-23,0.21,0.09
17-May-23,0.13,0.47
18-May-23,0.2,0.86
19-May-23,0.27,0.01
20-May-23,0.19,0.12
21-May-23,0.21,0.11
22-May-23,0.21,0.66
23-May-23,0.17,0.23
24-May-23,0.19,0.15
25-May-23,0.25,0.2
26-May-23,0.28,1.17
27-May-23,0.4,0.19
28-May-23,0.4,0.98
29-May-23,0.62,4.14
30-May-23,0.74,0.31
31-May-23,1.03,1.24
01-Jun-23,1.2,0
02-Jun-23,1.11,0
03-Jun-23,0.91,0.12
04-Jun-23,0.94,1.08
05-Jun-23,1.29,0.96
06-Jun-23,1.45,0.08
07-Jun-23,2.21,0.22
08-Jun-23,2.32,0.3
09-Jun-23,2.04,0.94
10-Jun-23,2.17,0.19
11-Jun-23,2.34,0.16
12-Jun-23,2.46,0.08
14-Jun-23,2.83,0.51
15-Jun-23,3.1,0.16
16-Jun-23,3.22,0.04
17-Jun-23,3.67,0.02
18-Jun-23,4.27,0.17
19-Jun-23,4.2,0.93
20-Jun-23,4.14,5.03
21-Jun-23,4.77,1.78
22-Jun-23,5.62,3.81
23-Jun-23,5.99,5.07
24-Jun-23,6.22,15.59
25-Jun-23,7.98,6.19
26-Jun-23,7.95,17.34
27-Jun-23,9.65,28.38
28-Jun-23,9.93,21.44
29-Jun-23,8.56,23.18
30-Jun-23,8.24,15.82
01-Jul-23,9.4,8.6
02-Jul-23,9.3,8.37
03-Jul-23,9.02,2.54
04-Jul-23,9.27,1.98
05-Jul-23,10.2,7.21
06-Jul-23,12.6,8.83
07-Jul-23,11.63,19.46
08-Jul-23,10.72,13.25
09-Jul-23,11,15.26
10-Jul-23,10.03,12.81
11-Jul-23,10.82,8.39
12-Jul-23,11.88,16.22
13-Jul-23,12.85,11.17
14-Jul-23,10.57,7.42
15-Jul-23,10.1,10.46
16-Jul-23,10.44,18.29
17-Jul-23,10.37,15.45
18-Jul-23,10.15,12.93
19-Jul-23,11.07,10.19
20-Jul-23,11.55,7.08
21-Jul-23,11.18,9.62
22-Jul-23,11.18,17.7
23-Jul-23,10.81,14.73
24-Jul-23,10.78,4.62
25-Jul-23,11.19,2.8
26-Jul-23,12.77,5.02
27-Jul-23,11.94,5.62
28-Jul-23,12.16,7.45
29-Jul-23,11.54,13.25
30-Jul-23,10.73,3.77
31-Jul-23,10.68,4.58
01-Aug-23,12.07,5.79
02-Aug-23,11.53,15.09
03-Aug-23,13.06,36.99
04-Aug-23,13.91,45.52
05-Aug-23,13.58,14.71
06-Aug-23,12.39,6.54
07-Aug-23,11.84,3.94
08-Aug-23,13.15,0.11
09-Aug-23,13.09,0.18
10-Aug-23,13.21,0.09
11-Aug-23,11.15,0.71
12-Aug-23,10.29,0.41
13-Aug-23,10.52,0.63
14-Aug-23,11.46,0.86
15-Aug-23,12.81,0.69
16-Aug-23,13.73,1.2
17-Aug-23,12.4,1.6
18-Aug-23,11.46,13.13
19-Aug-23,11.43,18.94
20-Aug-23,10.46,18.44
21-Aug-23,9.42,4.81
22-Aug-23,9.16,3.22
23-Aug-23,10.81,10.39
24-Aug-23,9.39,3.73
25-Aug-23,9.11,0.9
26-Aug-23,9.13,0.18
27-Aug-23,8.12,0.27
28-Aug-23,8.79,0.36
29-Aug-23,10.08,0.29
30-Aug-23,10.11,0.82
31-Aug-23,10.43,0.24
01-Sep-23,9.52,0.14
02-Sep-23,9.36,0.11
03-Sep-23,9.5,0.12
04-Sep-23,9.18,0.68
05-Sep-23,10.54,1.95
06-Sep-23,8.96,13.94
07-Sep-23,7.61,18.09
08-Sep-23,8.26,19.2
09-Sep-23,9.2,23.05
10-Sep-23,7.75,16.45
11-Sep-23,7.19,8.27
12-Sep-23,7.74,3.95
13-Sep-23,6.9,5.19
14-Sep-23,7.28,10.12
15-Sep-23,8.54,24.64
16-Sep-23,6.97,57.58
17-Sep-23,5.61,29.03
18-Sep-23,4.5,4.56
19-Sep-23,3.67,1.85
20-Sep-23,4.13,1.62
21-Sep-23,4.34,4.33
22-Sep-23,4.76,11.32
23-Sep-23,4.88,7.44
24-Sep-23,4.16,4.39
25-Sep-23,3.69,4.91
26-Sep-23,3,1.22
27-Sep-23,3.18,1.13
28-Sep-23,2.51,0.8
29-Sep-23,2.37,1.12
30-Sep-23,2.14,2.36
01-Oct-23,1.87,1.22
02-Oct-23,2.51,0.91
03-Oct-23,2.52,3.08
04-Oct-23,2.82,1.76
05-Oct-23,1.83,0.51
06-Oct-23,1.63,0.08
07-Oct-23,1.77,0.01
08-Oct-23,1.82,0
09-Oct-23,2.09,0
10-Oct-23,2.02,0
11-Oct-23,1.86,0
12-Oct-23,1.72,0
13-Oct-23,1.76,0
14-Oct-23,0.76,0
15-Oct-23,0.38,0
16-Oct-23,0.36,0.02
17-Oct-23,0.71,1.1
18-Oct-23,1.13,0.86
19-Oct-23,1.29,0.04
20-Oct-23,0.55,0.04
21-Oct-23,0.57,0.02
22-Oct-23,0.26,0
23-Oct-23,0.33,0
24-Oct-23,0.39,0
25-Oct-23,0.23,0
26-Oct-23,0.11,0
27-Oct-23,0.24,0
28-Oct-23,0.23,0
29-Oct-23,0.34,0
30-Oct-23,0.56,0
31-Oct-23,0.53,0
01-Nov-23,0.75,0
02-Nov-23,0.12,0
03-Nov-23,0.14,0
04-Nov-23,0.15,0
05-Nov-23,0.35,0
06-Nov-23,0.57,0
07-Nov-23,0.68,0
08-Nov-23,0.52,0
09-Nov-23,0.55,0
10-Nov-23,0.78,0
11-Nov-23,0.6,0.01
12-Nov-23,0.24,0
13-Nov-23,0.26,0
14-Nov-23,0.31,0
15-Nov-23,0.24,0
16-Nov-23,0.1,0
17-Nov-23,0.11,0
18-Nov-23,0.29,0
19-Nov-23,0.36,0
20-Nov-23,0.59,0
21-Nov-23,0.26,0
22-Nov-23,0.54,0
23-Nov-23,0.54,0
24-Nov-23,0.7,0
25-Nov-23,0.28,0
26-Nov-23,0.46,0
27-Nov-23,0.32,9.12
28-Nov-23,0.73,5.49
29-Nov-23,0.59,1.89
30-Nov-23,0.44,2.63
01-Dec-23,0.46,7.47
02-Dec-23,0.3,2.38
03-Dec-23,0.14,0.16
04-Dec-23,0.21,2.14
05-Dec-23,0.49,0.81
06-Dec-23,0.17,0.53
07-Dec-23,0.13,3.96
08-Dec-23,0.22,0.68
09-Dec-23,0.24,0
10-Dec-23,0.35,0
11-Dec-23,0.45,0
12-Dec-23,0.35,0
13-Dec-23,0.28,0
14-Dec-23,0.16,0
15-Dec-23,0.04,0
16-Dec-23,0.19,0
17-Dec-23,0.13,0
18-Dec-23,0.17,0
19-Dec-23,0.12,0
20-Dec-23,0.29,0
21-Dec-23,0.15,0
22-Dec-23,0.14,0
23-Dec-23,0.45,0
24-Dec-23,0.43,0
25-Dec-23,0.29,0
26-Dec-23,0.2,0
27-Dec-23,0.24,0
28-Dec-23,0.21,0
29-Dec-23,0.3,0
30-Dec-23,0.14,0
31-Dec-23,0.2,0
